dataset,profile,variant,runs,all_verified,throughput_ops_s_median,read_hit_p99_ns_median,insert_p99_ns_median,scan_p99_ns_median,initial_bytes_per_key,final_bytes_per_key,key_arena_ratio,rewrite_bytes_per_operation,decode_work_per_operation,baseline,paired_throughput_speedup,seed_bootstrap_low,seed_bootstrap_high
dense_sparse,read_heavy,adaptive_byte,2,True,1171554.78229,320.5,276741.0,11222.0,15.0517,15.57954911266577,0.8187291666666667,126.44669999999999,14.875399999999999,raw_rank,0.6850287649923892,0.6836460442474838,0.686414282384294
dense_sparse,read_heavy,ordered_map,2,True,6472088.252555,196.0,335.5,2318.5,48.00586666666667,48.005725447019685,1.0,0.0,0.0,raw_rank,3.7790296540275015,3.6903056565913572,3.869886793933019
dense_sparse,read_heavy,packed_binary,2,True,1046810.2705275001,390.0,280096.0,28167.0,11.248766666666667,11.457503803306054,0.3433625,92.1673,50.4527,raw_rank,0.6115687374235077,0.5425731578559494,0.689338046267823
dense_sparse,read_heavy,packed_byte,2,True,1134827.6465099999,400.5,258443.5,10826.0,11.248766666666667,11.457503803306054,0.3433625,92.1673,50.4527,raw_rank,0.6638519564343758,0.6591570863412307,0.6685802659088886
dense_sparse,read_heavy,packed_rank,2,True,1104054.11216,411.0,260196.5,3530.0,11.248766666666667,11.457503803306054,0.3433625,92.1673,50.4527,raw_rank,0.6461636207647602,0.5941157751246723,0.7027711471088421
dense_sparse,read_heavy,raw_binary,2,True,1170113.6136195,235.5,164054.0,15177.0,16.62773333333333,16.824486314938802,1.0157333333333334,138.35680000000002,14.3924,raw_rank,0.5819264296774233,0.34068795177459255,0.9939839897278329
dense_sparse,read_heavy,raw_rank,2,True,1710044.63638,251.0,164008.5,9263.5,16.62773333333333,16.824486314938802,1.0157333333333334,138.35680000000002,14.3924,raw_rank,1.0,1.0,1.0
dense_sparse,read_heavy,smooth_byte,2,True,1081877.276625,370.5,277707.5,19283.5,15.0517,15.361197150097535,0.8187291666666667,125.1743,14.875399999999999,raw_rank,0.6328419510761928,0.5738601516256564,0.6978859464407828
dense_sparse,read_heavy,sorted_vector,2,True,2590584.34963,130.0,4762.0,726.0,16.0016,31.23127250201933,1.0,0.0,0.0,raw_rank,1.5165187336941737,1.4055928851664523,1.6361985706643862
dense_sparse,read_only,adaptive_byte,2,True,6469690.814804999,286.0,0.0,0.0,15.0517,15.0517,0.8187291666666667,0.0,8.7275,raw_rank,0.8747207382424825,0.8375727853847476,0.9135162737647934
dense_sparse,read_only,ordered_map,2,True,8334548.956995001,205.5,0.0,0.0,48.00586666666667,48.00586666666667,1.0,0.0,0.0,raw_rank,1.126259942463675,1.119030854749705,1.133535731042911
dense_sparse,read_only,packed_binary,2,True,4711034.15308,361.0,0.0,0.0,11.248766666666667,11.248766666666667,0.3433625,0.0,46.3528,raw_rank,0.6367351350248798,0.5965188552062991,0.6796627275678285
dense_sparse,read_only,packed_byte,2,True,4622262.5316550005,350.5,0.0,0.0,11.248766666666667,11.248766666666667,0.3433625,0.0,46.3528,raw_rank,0.62493123634608,0.5964367540818856,0.6547870289486261
dense_sparse,read_only,packed_rank,2,True,4443712.34447,390.5,0.0,0.0,11.248766666666667,11.248766666666667,0.3433625,0.0,46.3528,raw_rank,0.6007823697057059,0.5830321121246587,0.6190730291576643
dense_sparse,read_only,raw_binary,2,True,8250885.893534999,195.0,0.0,0.0,16.62773333333333,16.62773333333333,1.0157333333333334,0.0,8.0106,raw_rank,1.1155256091809949,1.0802008760910982,1.1520055318245122
dense_sparse,read_only,raw_rank,2,True,7401914.630065,191.0,0.0,0.0,16.62773333333333,16.62773333333333,1.0157333333333334,0.0,8.0106,raw_rank,1.0,1.0,1.0
dense_sparse,read_only,smooth_byte,2,True,6319531.4329349995,285.5,0.0,0.0,15.0517,15.0517,0.8187291666666667,0.0,8.7275,raw_rank,0.8544199814371287,0.8184261916114369,0.8919967520120865
dense_sparse,read_only,sorted_vector,2,True,13355853.78475,290.5,0.0,0.0,16.0016,16.0016,1.0,0.0,0.0,raw_rank,1.8054440764309905,1.7035697531499034,1.9134105351968673
dense_sparse,scan_heavy,adaptive_byte,2,True,673130.6772024999,345.5,490.5,4171.5,15.0517,15.209859862197405,0.8187291666666667,18.3448,118.354,raw_rank,0.8064104017996282,0.7541804947599189,0.8622574312766462
dense_sparse,scan_heavy,ordered_map,2,True,1543162.1542850002,245.5,390.5,2724.5,48.00586666666667,48.00577731580492,1.0,0.0,0.0,raw_rank,1.84366658065866,1.8370859560858364,1.8502707776830747
dense_sparse,scan_heavy,packed_binary,2,True,974361.7161574999,391.0,475.5,3155.0,11.248766666666667,11.399913573180278,0.3433625,13.406299999999998,136.7511,raw_rank,1.1667015240818328,1.1156317930056814,1.2201090492658087
dense_sparse,scan_heavy,packed_byte,2,True,836995.6201895,426.0,530.0,3205.0,11.248766666666667,11.399913573180278,0.3433625,13.406299999999998,136.7511,raw_rank,0.9930960314570092,0.7985961400265985,1.2349668102112448
dense_sparse,scan_heavy,packed_rank,2,True,941273.6832375,411.0,631.0,3245.0,11.248766666666667,11.399913573180278,0.3433625,13.406299999999998,136.7511,raw_rank,1.1270678903774582,1.0781290390390934,1.1782281930297152
dense_sparse,scan_heavy,raw_binary,2,True,904848.1248295,230.5,430.5,2679.0,16.62773333333333,16.73449895796638,1.0157333333333334,20.1264,118.0305,raw_rank,1.0835653732529957,1.0331839600595956,1.1364035481592063
dense_sparse,scan_heavy,raw_rank,2,True,837236.0191555,265.0,470.5,7876.5,16.62773333333333,16.73449895796638,1.0157333333333334,20.1264,118.0305,raw_rank,1.0,1.0,1.0
dense_sparse,scan_heavy,smooth_byte,2,True,516554.73695199995,325.5,501.0,3881.0,15.0517,15.209859862197405,0.8187291666666667,18.3448,118.354,raw_rank,0.5910555310198313,0.4025858153972057,0.8677569536434282
dense_sparse,scan_heavy,sorted_vector,2,True,2268255.170435,135.5,5363.5,666.0,16.0016,31.514207294754254,1.0,0.0,0.0,raw_rank,2.7155234259975423,2.609593526728735,2.825753283648437
lognormal,read_heavy,adaptive_byte,2,True,990390.6960765,451.0,266090.0,5638.5,14.5669,14.955578555286884,0.7581291666666667,122.8254,23.3337,raw_rank,0.5942401342942056,0.5910434577446116,0.597454100166317
lognormal,read_heavy,ordered_map,2,True,6124103.286584999,205.0,330.5,11286.5,48.00586666666667,48.005725447019685,1.0,0.0,0.0,raw_rank,3.643139540292909,3.368479350841277,3.9401950636066188
lognormal,read_heavy,packed_binary,2,True,899747.3101019999,360.0,313425.5,7566.0,11.655233333333333,11.86787825776818,0.39417083333333336,95.34360000000001,14.3925,raw_rank,0.5408228222170723,0.511514861453004,0.5718100236618673
lognormal,read_heavy,packed_byte,2,True,888076.579446,370.5,310451.5,16454.5,11.655233333333333,11.86787825776818,0.39417083333333336,95.34360000000001,14.3925,raw_rank,0.5331159164254541,0.4736658033557942,0.6000276531102359
lognormal,read_heavy,packed_rank,2,True,901992.9349045,435.5,334416.0,21522.5,11.655233333333333,11.86787825776818,0.39417083333333336,95.34360000000001,14.3925,raw_rank,0.541483372937118,0.5335875140378591,0.5494960722535845
lognormal,read_heavy,raw_binary,2,True,1732235.1104549998,240.0,165621.0,29464.0,16.62773333333333,16.824486314938802,1.0157333333333334,138.35680000000002,14.3925,raw_rank,1.0412206968300188,0.9844661566881439,1.1012471400280148
lognormal,read_heavy,raw_rank,2,True,1667221.05692,250.5,163482.5,2443.0,16.62773333333333,16.824486314938802,1.0157333333333334,138.35680000000002,14.3925,raw_rank,1.0,1.0,1.0
lognormal,read_heavy,smooth_byte,2,True,978233.7726905,446.0,265880.0,6023.5,14.5669,14.758639381905027,0.7581291666666667,121.61330000000001,24.1234,raw_rank,0.5798881994573398,0.5240879631414782,0.6416295498454311
lognormal,read_heavy,sorted_vector,2,True,2884785.85312,125.5,5298.0,701.0,16.0016,31.23127250201933,1.0,0.0,0.0,raw_rank,1.7339244040611215,1.6455043261242908,1.8270956759378487
lognormal,read_only,adaptive_byte,2,True,4326009.3671,406.0,0.0,0.0,14.5669,14.5669,0.7581291666666667,0.0,18.0061,raw_rank,0.6509170120983265,0.5098324205173154,0.8310435735120597
lognormal,read_only,ordered_map,2,True,7677798.018765,220.5,0.0,0.0,48.00586666666667,48.00586666666667,1.0,0.0,0.0,raw_rank,1.1547712502099803,0.8995639491686014,1.4823811487154086
lognormal,read_only,packed_binary,2,True,4214733.3135400005,301.0,0.0,0.0,11.655233333333333,11.655233333333333,0.39417083333333336,0.0,8.0106,raw_rank,0.6358345128642249,0.5304524173150965,0.7621522959506747
lognormal,read_only,packed_byte,2,True,4370241.280169999,340.0,0.0,0.0,11.655233333333333,11.655233333333333,0.39417083333333336,0.0,8.0106,raw_rank,0.6593002691806034,0.5605546951898099,0.7754405567764083
lognormal,read_only,packed_rank,2,True,4364249.29283,335.5,0.0,0.0,11.655233333333333,11.655233333333333,0.39417083333333336,0.0,8.0106,raw_rank,0.6583355354365852,0.5457421049924511,0.7941584005591255
lognormal,read_only,raw_binary,2,True,7548434.060805,245.5,0.0,0.0,16.62773333333333,16.62773333333333,1.0157333333333334,0.0,8.0106,raw_rank,1.1384815867582714,0.9827038409625354,1.3189531467772553
lognormal,read_only,raw_rank,2,True,6725782.6820950005,200.5,0.0,0.0,16.62773333333333,16.62773333333333,1.0157333333333334,0.0,8.0106,raw_rank,1.0,1.0,1.0
lognormal,read_only,smooth_byte,2,True,5093106.77477,461.0,0.0,0.0,14.5669,14.5669,0.7581291666666667,0.0,18.0061,raw_rank,0.7674688255517013,0.6158517856782565,0.9564125847991406
lognormal,read_only,sorted_vector,2,True,13782485.52795,120.0,0.0,0.0,16.0016,16.0016,1.0,0.0,0.0,raw_rank,2.077981771324536,1.8150779599041396,2.378965717916108
lognormal,scan_heavy,adaptive_byte,2,True,706260.4282205,470.5,825.5,6460.0,14.5669,14.7051466045779,0.7581291666666667,18.0738,122.9522,raw_rank,0.7881087761482183,0.7809170666114659,0.7953667163876565
lognormal,scan_heavy,ordered_map,2,True,1426144.07991,215.5,406.0,1968.0,48.00586666666667,48.00577731580492,1.0,0.0,0.0,raw_rank,1.5919909661428504,1.5578375453918782,1.6268931531258621
lognormal,scan_heavy,packed_binary,2,True,384548.5598465,360.5,7335.5,6565.0,11.655233333333333,11.80517987072725,0.39417083333333336,13.736,118.0305,raw_rank,0.4292696687052369,0.4206246673643625,0.4380923487558552
lognormal,scan_heavy,packed_byte,2,True,366708.01372499997,445.5,625.5,15197.5,11.655233333333333,11.80517987072725,0.39417083333333336,13.736,118.0305,raw_rank,0.40916034950203173,0.4038779620618196,0.4145118261713913
lognormal,scan_heavy,packed_rank,2,True,391977.62215099996,381.0,511.0,10886.5,11.655233333333333,11.80517987072725,0.39417083333333336,13.736,118.0305,raw_rank,0.437367628233426,0.43212065384406123,0.44267831339430275
lognormal,scan_heavy,raw_binary,2,True,894845.182726,236.0,16449.5,3320.0,16.62773333333333,16.73449895796638,1.0157333333333334,20.1264,118.0305,raw_rank,0.997500156689611,0.9628590527944494,1.0333875552273712
lognormal,scan_heavy,raw_rank,2,True,895961.2513755,245.5,380.5,2789.0,16.62773333333333,16.73449895796638,1.0157333333333334,20.1264,118.0305,raw_rank,1.0,1.0,1.0
lognormal,scan_heavy,smooth_byte,2,True,660593.546603,451.0,571.0,5368.0,14.5669,14.7051466045779,0.7581291666666667,18.0738,122.9522,raw_rank,0.7365995157732645,0.6901897133464481,0.7861300105541482
lognormal,scan_heavy,sorted_vector,2,True,2323931.121305,135.5,5368.0,726.0,16.0016,31.514207294754254,1.0,0.0,0.0,raw_rank,2.5941893746202336,2.540667177964905,2.6488390804430977
