dataset,profile,variant,runs,all_verified,throughput_ops_s_median,read_hit_p99_ns_median,insert_p99_ns_median,scan_p99_ns_median,initial_bytes_per_key,final_bytes_per_key,key_arena_ratio,rewrite_bytes_per_operation,decode_work_per_operation,fence_probes_per_operation,correction_distance_per_operation,build_ns_per_key,flow_region_fraction,virtual_points_per_key,rank_sse_ratio,preprocess_ns_per_key,fusion_both_fraction,fusion_flow_fraction,fusion_vp_fraction,est_probes_none,est_probes_selected,baseline,paired_throughput_speedup,seed_bootstrap_low,seed_bootstrap_high
books,read_only,packed_byte,3,False,2352229.2812,0,0,0,14.033576,14.033576,0.682882,0.0,8.015544,2.951382,0.39281,30.6240625,0.0,0.0,1.0,0.0,0.0,0.0,0.0,0.0,0.0,packed_rank,0.9579404445289647,0.93861534905288,0.9719258495024199
books,read_only,packed_rank,3,False,2420173.59905,0,0,0,14.033576,14.033576,0.682882,0.0,8.015544,2.95203,0.405252,30.9843545,0.0,0.0,1.0,0.0,0.0,0.0,0.0,0.0,0.0,packed_rank,1.0,1.0,1.0
books,read_only,packed_rank_flow,3,False,2458522.67574,0,0,0,14.033576,14.033576,0.682882,0.0,8.015544,2.952032,0.405256,34.881875,0.0081799591002045,0.0,1.0,29.5901895,0.0,0.0081799591002045,0.0,0.0,0.0,packed_rank,1.0486570100449564,1.0076487326517678,1.123121996912408
books,read_only,packed_rank_flow_costsel,3,False,2485567.13808,0,0,0,14.033576,14.033576,0.682882,0.0,8.015544,2.95203,0.405252,41.5249375,0.0,0.0,1.0,28.991314,0.0,0.0,0.0,7.97656638317,7.97656638317,packed_rank,1.0751207684143604,0.9398925638948559,1.292856071935363
books,read_only,packed_rank_flow_forced,3,False,2061039.57917,0,0,0,14.033576,14.033576,0.682882,0.0,8.015544,2.952137,0.405238,35.3243125,1.0,0.0,1.0,30.7642935,0.0,1.0,0.0,0.0,0.0,packed_rank,0.8653919770065337,0.6981872075529897,0.9858881797432193
books,read_only,packed_rank_flow_vp10,3,False,2534318.89751,0,0,0,14.832404,14.832404,0.682882,0.0,8.015544,2.435869,0.190672,1131.837708,0.0081799591002045,0.0998535,0.27231074028236196,15948.0284535,0.0081799591002045,0.0081799591002045,1.0,0.0,0.0,packed_rank,0.992391143148566,0.7553860412264254,1.2355631315994928
books,read_only,packed_rank_fusion_auto,3,False,2237278.90541,0,0,0,14.832404,14.832404,0.682882,0.0,8.015544,2.435878,0.190672,3767.002625,0.0,0.0998535,0.272311339151084,57913.200311,0.0,0.0,1.0,7.97656638317,7.46335532984,packed_rank,0.94872437462751,0.8460048309851775,1.1782391160322974
books,read_only,packed_rank_vp10,3,False,2633926.08742,0,0,0,14.832404,14.832404,0.682882,0.0,8.015544,2.435878,0.190672,1074.813521,0.0,0.0998535,0.272311339151084,15369.865273,0.0,0.0,1.0,0.0,0.0,packed_rank,1.0353858845934318,0.8713188057037532,1.2790082134421055
books,read_only,raw_rank,3,False,3362949.23545,0,0,0,16.69552,16.69552,1.015625,0.0,8.015544,2.95203,0.405252,27.4389795,0.0,0.0,1.0,0.0,0.0,0.0,0.0,0.0,0.0,packed_rank,1.276703122342009,0.9009984635257073,1.5362893733314074
books,read_only,sorted_vector,3,False,5279327.00069,0,0,0,16.000012,16.000012,1.0,0.0,0.0,0.0,0.0,22.3914165,0.0,0.0,1.0,0.0,0.0,0.0,0.0,0.0,0.0,packed_rank,1.7774694946060432,1.0040590006836212,2.5639832895978807
covid,read_only,packed_byte,3,False,2530786.49254,0,0,0,12.9418,12.9418,0.54641,0.0,8.015544,2.61529,0.247332,30.5090415,0.0,0.0,1.0,0.0,0.0,0.0,0.0,0.0,0.0,packed_rank,0.938984926666274,0.8369442411676676,0.9999763801694744
covid,read_only,packed_rank,3,False,2579597.78468,0,0,0,12.9418,12.9418,0.54641,0.0,8.015544,2.595475,0.255974,30.473979,0.0,0.0,1.0,0.0,0.0,0.0,0.0,0.0,0.0,packed_rank,1.0,1.0,1.0
covid,read_only,packed_rank_flow,3,False,2392360.00216,0,0,0,12.9418,12.9418,0.54641,0.0,8.015544,2.595475,0.255974,35.220292,0.002044989775051125,0.0,1.0,28.115151,0.0,0.002044989775051125,0.0,0.0,0.0,packed_rank,0.9674692469370301,0.8613558635326684,1.1121621877319972
covid,read_only,packed_rank_flow_costsel,3,False,2689836.01751,0,0,0,12.9418,12.9418,0.54641,0.0,8.015544,2.595475,0.255974,41.026521,0.0,0.0,1.0,29.9237565,0.0,0.0,0.0,7.62071658297,7.62071658297,packed_rank,1.0065018319727272,0.8910205620285329,1.0767030520320224
covid,read_only,packed_rank_flow_forced,3,False,2470193.00238,0,0,0,12.9418,12.9418,0.54641,0.0,8.015544,2.595493,0.255962,33.9641875,1.0,0.0,1.0,29.3909775,0.0,1.0,0.0,0.0,0.0,packed_rank,0.9721465473363461,0.8698352176290483,1.103009708789406
covid,read_only,packed_rank_flow_vp10,3,False,2397926.75636,0,0,0,13.731572,13.731572,0.54641,0.0,8.015544,2.054855,0.037071,1998.598125,0.002044989775051125,0.0987215,0.051241333088970574,30502.1307735,0.002044989775051125,0.002044989775051125,1.0,0.0,0.0,packed_rank,0.9182474606938414,0.8605821757126986,0.9495475413791516
covid,read_only,packed_rank_fusion_auto,3,False,2333374.45906,0,0,0,13.731572,13.731572,0.54641,0.0,8.015544,2.054859,0.037075,5139.354,0.0,0.0987215,0.05124077947172009,79102.8889065,0.0,0.0,1.0,7.62071658297,7.08131008933,packed_rank,0.8715186220366513,0.8241732970818012,0.90586869007948
covid,read_only,packed_rank_vp10,3,False,2382294.31032,0,0,0,13.731572,13.731572,0.54641,0.0,8.015544,2.054859,0.037075,1956.5326665,0.0,0.0987215,0.05124077947172009,29848.8210685,0.0,0.0,1.0,0.0,0.0,packed_rank,0.9129502458065072,0.8593293813115117,0.9413034437927704
covid,read_only,raw_rank,3,False,3327350.11454,0,0,0,16.69552,16.69552,1.015625,0.0,8.015544,2.595475,0.255974,27.9163955,0.0,0.0,1.0,0.0,0.0,0.0,0.0,0.0,0.0,packed_rank,1.3196957359132289,1.2441903453147753,1.4321486815465467
covid,read_only,sorted_vector,3,False,2850150.14406,0,0,0,16.000012,16.000012,1.0,0.0,0.0,0.0,0.0,22.583917,0.0,0.0,1.0,0.0,0.0,0.0,0.0,0.0,0.0,packed_rank,1.0947667788228297,0.9461439612121816,1.2314183909737129
fb,read_only,packed_byte,3,False,2886813.80158,0,0,0,10.50414,10.50414,0.2417025,0.0,14.699423,5.088382,1.798537,27.3445415,0.0,0.0,1.0,0.0,0.0,0.0,0.0,0.0,0.0,packed_rank,0.9787096014495134,0.9372181752684879,1.0492625603089358
fb,read_only,packed_rank,3,False,2811373.36936,0,0,0,10.50414,10.50414,0.2417025,0.0,14.699423,5.16621,1.888433,28.1299375,0.0,0.0,1.0,0.0,0.0,0.0,0.0,0.0,0.0,packed_rank,1.0,1.0,1.0
fb,read_only,packed_rank_flow,3,False,2852868.30675,0,0,0,10.50414,10.50414,0.2417025,0.0,14.699423,5.166205,1.888435,31.7854585,0.024539877300613498,0.0,1.0,29.430145,0.0,0.024539877300613498,0.0,0.0,0.0,packed_rank,0.9921403200433564,0.9421056736256248,1.0461997417426268
fb,read_only,packed_rank_flow_costsel,3,False,2802027.96774,0,0,0,10.50414,10.50414,0.2417025,0.0,14.699423,5.16621,1.888433,38.9622295,0.0,0.0,1.0,29.1936085,0.0,0.0,0.0,10.1899835109,10.1899835109,packed_rank,0.9583592102332583,0.9355936745815091,0.996675858951411
fb,read_only,packed_rank_flow_forced,3,False,2833779.02112,0,0,0,10.50414,10.50414,0.2417025,0.0,14.699423,5.166223,1.888423,31.1039795,1.0,0.0,1.0,29.7794975,0.0,1.0,0.0,0.0,0.0,packed_rank,0.9793659725844513,0.9358017989410025,1.0685129316162612
fb,read_only,packed_rank_flow_vp10,3,False,2965165.24171,0,0,0,11.302968,11.302968,0.2417025,0.0,14.699423,4.770286,1.597388,922.806833,0.024539877300613498,0.0998535,0.7688215300128778,12849.5801,0.024539877300613498,0.024539877300613498,1.0,0.0,0.0,packed_rank,1.0293492678875085,0.9811460820837066,1.0547034677165668
fb,read_only,packed_rank_fusion_auto,3,False,2783546.87197,0,0,0,11.283336,11.283336,0.2417025,0.0,14.699423,4.768458,1.599304,3329.13625,0.0,0.0973995,0.7726949497595814,50770.841412,0.0,0.0,0.9754601226993865,10.1899835109,9.78942712993,packed_rank,0.9447795039252445,0.8221018262996476,1.0154091629885011
fb,read_only,packed_rank_vp10,3,False,2781524.46806,0,0,0,11.302968,11.302968,0.2417025,0.0,14.699423,4.77029,1.597392,826.78775,0.0,0.0998535,0.7688215716747797,12417.5093525,0.0,0.0,1.0,0.0,0.0,packed_rank,0.9955552431509259,0.9185457234347763,1.1148788883234437
fb,read_only,raw_rank,3,False,2880738.84913,0,0,0,16.69552,16.69552,1.015625,0.0,8.015544,5.16621,1.888433,28.533833,0.0,0.0,1.0,0.0,0.0,0.0,0.0,0.0,0.0,packed_rank,1.0139670472755478,0.9659144614570299,1.0455144725463028
fb,read_only,sorted_vector,3,False,4927670.00884,0,0,0,16.000012,16.000012,1.0,0.0,0.0,0.0,0.0,21.482042,0.0,0.0,1.0,0.0,0.0,0.0,0.0,0.0,0.0,packed_rank,1.7071492664341736,1.1597410529474548,2.3987538257834458
genome,read_only,packed_byte,3,False,2549276.44944,0,0,0,10.6786055,10.6786055,0.2635106875,0.0,45.201417,3.16605,0.439881,30.083125,0.0,0.0,1.0,0.0,0.0,0.0,0.0,0.0,0.0,packed_rank,1.0176930129075898,0.9946691442816025,1.0421431819699603
genome,read_only,packed_rank,3,False,2547797.20422,0,0,0,10.6786055,10.6786055,0.2635106875,0.0,45.201417,3.052602,0.45069,29.3699375,0.0,0.0,1.0,0.0,0.0,0.0,0.0,0.0,0.0,packed_rank,1.0,1.0,1.0
genome,read_only,packed_rank_flow,3,False,2501404.95161,0,0,0,10.6786055,10.6786055,0.2635106875,0.0,45.201417,3.052596,0.450688,32.7361875,0.018404907975460124,0.0,1.0,30.8059185,0.0,0.018404907975460124,0.0,0.0,0.0,packed_rank,0.9972102724755515,0.9687195954615239,1.0378126930657912
genome,read_only,packed_rank_flow_costsel,3,False,2445848.65997,0,0,0,10.6786055,10.6786055,0.2635106875,0.0,45.201417,3.052602,0.45069,39.5364375,0.0,0.0,1.0,28.9919535,0.0,0.0,0.0,8.07540944175,8.07540944175,packed_rank,0.9727025985897433,0.8910100796915615,1.0178717411491796
genome,read_only,packed_rank_flow_forced,3,False,2214214.55465,0,0,0,10.6786055,10.6786055,0.2635106875,0.0,45.201417,3.052795,0.450711,32.250083,1.0,0.0,1.0,30.696789,0.0,1.0,0.0,0.0,0.0,packed_rank,0.8934048951743315,0.8224550081105954,0.9976495001574851
genome,read_only,packed_rank_flow_vp10,3,False,2396651.63608,0,0,0,11.4774335,11.4774335,0.2635106875,0.0,45.201417,2.549569,0.23696,1020.567875,0.018404907975460124,0.0998535,0.3136907363437283,14188.447678,0.018404907975460124,0.018404907975460124,1.0,0.0,0.0,packed_rank,0.9659735984919112,0.9406759816324264,1.0166256871442358
genome,read_only,packed_rank_fusion_auto,3,False,2383498.09312,0,0,0,11.4741615,11.4741615,0.2635106875,0.0,45.201417,2.549359,0.237203,3662.3390625,0.0,0.0994445,0.3148376171603483,56263.1205915,0.0,0.0,0.9959100204498977,8.07540944175,7.57458127192,packed_rank,0.9457169137101297,0.9002319500983127,1.010305054222187
genome,read_only,packed_rank_vp10,3,False,2364706.28574,0,0,0,11.4774335,11.4774335,0.2635106875,0.0,45.201417,2.549621,0.23697,933.087625,0.0,0.0998535,0.3136849377382779,13769.7285905,0.0,0.0,1.0,0.0,0.0,packed_rank,0.9635847165260509,0.8639704390454217,1.0555009952227696
genome,read_only,raw_rank,3,False,3111800.78159,0,0,0,16.69552,16.69552,1.015625,0.0,8.015544,3.052602,0.45069,27.4402915,0.0,0.0,1.0,0.0,0.0,0.0,0.0,0.0,0.0,packed_rank,1.146078312890566,1.0037877625306062,1.2278747196755035
genome,read_only,sorted_vector,3,False,3176395.14549,0,0,0,16.000012,16.000012,1.0,0.0,0.0,0.0,0.0,22.269896,0.0,0.0,1.0,0.0,0.0,0.0,0.0,0.0,0.0,packed_rank,1.3003999969601654,0.991259983693711,1.683347616958938
history,read_only,packed_byte,3,False,3171568.37634,0,0,0,10.035498,10.035498,0.18312225,0.0,8.143655,2.541265,0.195271,27.259375,0.0,0.0,1.0,0.0,0.0,0.0,0.0,0.0,0.0,packed_rank,0.9567594450389029,0.9217679367974,1.0008423178171653
history,read_only,packed_rank,3,False,3177710.6932,0,0,0,10.035498,10.035498,0.18312225,0.0,8.143655,2.451634,0.212048,28.184146,0.0,0.0,1.0,0.0,0.0,0.0,0.0,0.0,0.0,packed_rank,1.0,1.0,1.0
history,read_only,packed_rank_flow,3,False,3017190.82186,0,0,0,10.035498,10.035498,0.18312225,0.0,8.143655,2.451629,0.212045,31.502479,0.00408997955010225,0.0,1.0,30.710094,0.0,0.00408997955010225,0.0,0.0,0.0,packed_rank,0.9148153900631553,0.8399050971274226,0.9600232415647112
history,read_only,packed_rank_flow_costsel,3,False,3287130.8898,0,0,0,10.035498,10.035498,0.18312225,0.0,8.143655,2.451634,0.212048,36.8223335,0.0,0.0,1.0,29.852047,0.0,0.0,0.0,7.47752741298,7.47752741298,packed_rank,0.9620153660039638,0.8317793230693088,1.0373100335022218
history,read_only,packed_rank_flow_forced,3,False,2783908.17557,0,0,0,10.035498,10.035498,0.18312225,0.0,8.143655,2.451702,0.212067,31.8059375,1.0,0.0,1.0,29.412142,0.0,1.0,0.0,0.0,0.0,packed_rank,0.8961755218939319,0.8303738778039697,0.9866407899936132
history,read_only,packed_rank_flow_vp10,3,False,3000756.18456,0,0,0,10.81475,10.81475,0.18312225,0.0,8.143655,2.10319,0.065269,1887.7651455,0.00408997955010225,0.0974065,0.4650063046094505,28253.314431,0.00408997955010225,0.00408997955010225,1.0,0.0,0.0,packed_rank,0.9398403706302683,0.8401873724331759,1.043431269006122
history,read_only,packed_rank_fusion_auto,3,False,3094185.46145,0,0,0,10.81475,10.81475,0.18312225,0.0,8.143655,2.103191,0.065274,4737.1526665,0.0,0.0974065,0.46501433661350766,73245.011894,0.0,0.0,1.0,7.47752741298,7.13060474981,packed_rank,0.9840952284850659,0.8673675137493676,1.1253051431183068
history,read_only,packed_rank_vp10,3,False,3278128.28709,0,0,0,10.81475,10.81475,0.18312225,0.0,8.143655,2.103191,0.065274,1872.858396,0.0,0.0974065,0.46501433661350766,27298.807141,0.0,0.0,1.0,0.0,0.0,packed_rank,1.0249357847521599,0.9375944546149727,1.1100880120517573
history,read_only,raw_rank,3,False,3250408.19357,0,0,0,16.69552,16.69552,1.015625,0.0,8.015544,2.451634,0.212048,26.6208335,0.0,0.0,1.0,0.0,0.0,0.0,0.0,0.0,0.0,packed_rank,1.0464186688315438,0.9561701924588666,1.2319318378438717
history,read_only,sorted_vector,3,False,4539072.34152,0,0,0,16.000012,16.000012,1.0,0.0,0.0,0.0,0.0,19.9695415,0.0,0.0,1.0,0.0,0.0,0.0,0.0,0.0,0.0,packed_rank,1.414117055299688,1.2135468200009167,1.6313486771600625
libio,read_only,packed_byte,3,False,3443303.85004,0,0,0,9.430716,9.430716,0.1075245,0.0,8.020434,3.191769,0.47314,27.2893335,0.0,0.0,1.0,0.0,0.0,0.0,0.0,0.0,0.0,packed_rank,1.0454402355724797,0.9980100130147402,1.1283567364959664
libio,read_only,packed_rank,3,False,3115748.49562,0,0,0,9.430716,9.430716,0.1075245,0.0,8.020434,3.069906,0.522955,28.0569585,0.0,0.0,1.0,0.0,0.0,0.0,0.0,0.0,0.0,packed_rank,1.0,1.0,1.0
libio,read_only,packed_rank_flow,3,False,3471512.55104,0,0,0,9.430716,9.430716,0.1075245,0.0,8.020434,3.069911,0.522957,32.3417085,0.010224948875255624,0.0,1.0,27.6037675,0.0,0.010224948875255624,0.0,0.0,0.0,packed_rank,1.0416075615880105,0.8668440618468679,1.1700786305874746
libio,read_only,packed_rank_flow_costsel,3,False,3315624.20866,0,0,0,9.430716,9.430716,0.1075245,0.0,8.020434,3.069906,0.522955,38.2131045,0.0,0.0,1.0,28.1933705,0.0,0.0,0.0,8.09296443413,8.09296443413,packed_rank,1.0214356493889507,0.9730963541512294,1.1082117487833099
libio,read_only,packed_rank_flow_forced,3,False,3247858.72085,0,0,0,9.430716,9.430716,0.1075245,0.0,8.020434,3.070026,0.522976,32.777854,1.0,0.0,1.0,28.8395055,0.0,1.0,0.0,0.0,0.0,packed_rank,1.003775706452294,0.9447330038024347,1.1185692227936288
libio,read_only,packed_rank_flow_vp10,3,False,3271266.50354,0,0,0,10.110424,10.110424,0.1075245,0.0,8.020434,2.552752,0.273705,1476.1195,0.010224948875255624,0.0849635,0.4758179670947395,21146.8045035,0.010224948875255624,0.010224948875255624,1.0,0.0,0.0,packed_rank,1.0396065255451967,0.9789422908848554,1.093385662692294
libio,read_only,packed_rank_fusion_auto,3,False,3042940.45422,0,0,0,10.110428,10.110428,0.1075245,0.0,8.020434,2.552765,0.273707,3749.1004165,0.0,0.084964,0.4758172739745116,55651.150948,0.0,0.0,1.0,8.09296443413,7.57636037531,packed_rank,0.9923262648632306,0.9740562890382092,1.0170701352121867
libio,read_only,packed_rank_vp10,3,False,3206803.55442,0,0,0,10.110428,10.110428,0.1075245,0.0,8.020434,2.552765,0.273707,1454.319104,0.0,0.084964,0.4758172739745116,20681.853563,0.0,0.0,1.0,0.0,0.0,packed_rank,1.0221711567081073,0.9516497029520277,1.0718396149256575
libio,read_only,raw_rank,3,False,3367978.6066,0,0,0,16.69552,16.69552,1.015625,0.0,8.015544,3.069906,0.522955,25.743375,0.0,0.0,1.0,0.0,0.0,0.0,0.0,0.0,0.0,packed_rank,1.022386884531629,0.6992061654479106,1.413948623468492
libio,read_only,sorted_vector,3,False,3297699.85073,0,0,0,16.000012,16.000012,1.0,0.0,0.0,0.0,0.0,21.589146,0.0,0.0,1.0,0.0,0.0,0.0,0.0,0.0,0.0,packed_rank,1.0599495390051248,0.9072674416384479,1.1908352238819782
osm,read_only,packed_byte,3,False,2331857.97612,0,0,0,13.4804275,13.4804275,0.6137384375,0.0,8.048875,4.338499,1.261909,31.0566875,0.0,0.0,1.0,0.0,0.0,0.0,0.0,0.0,0.0,packed_rank,0.9655553430669439,0.9523858875915524,0.9756618809713549
osm,read_only,packed_rank,3,False,2448438.18719,0,0,0,13.4804275,13.4804275,0.6137384375,0.0,8.048875,4.365379,1.296788,31.823896,0.0,0.0,1.0,0.0,0.0,0.0,0.0,0.0,0.0,packed_rank,1.0,1.0,1.0
osm,read_only,packed_rank_flow,3,False,2213299.34526,0,0,0,13.4804275,13.4804275,0.6137384375,0.0,8.048875,4.365364,1.296782,34.055979,0.04294478527607362,0.0,1.0,31.1315225,0.0,0.04294478527607362,0.0,0.0,0.0,packed_rank,0.922315761148005,0.879026407333498,1.0067709912452503
osm,read_only,packed_rank_flow_costsel,3,False,2253588.20878,0,0,0,13.4804275,13.4804275,0.6137384375,0.0,8.048875,4.365379,1.296788,41.2055625,0.0,0.0,1.0,28.5792265,0.0,0.0,0.0,9.3957241607,9.3957241607,packed_rank,0.9239923148097775,0.7844566025774422,1.0663718691491677
osm,read_only,packed_rank_flow_forced,3,False,1884915.2444,0,0,0,13.4804275,13.4804275,0.6137384375,0.0,8.048875,4.365385,1.296778,34.5535625,1.0,0.0,1.0,31.7413725,0.0,1.0,0.0,0.0,0.0,packed_rank,0.8151817192885257,0.7444034569080846,0.9720784626639257
osm,read_only,packed_rank_flow_vp10,3,False,2364997.33188,0,0,0,14.2792555,14.2792555,0.6137384375,0.0,8.048875,3.77207,0.964838,1120.89725,0.04294478527607362,0.0998535,0.7174720000689058,16301.225281,0.04294478527607362,0.04294478527607362,1.0,0.0,0.0,packed_rank,0.9671847331406902,0.9104041069795482,1.004177582122969
osm,read_only,packed_rank_fusion_auto,3,False,2257739.17883,0,0,0,14.2759835,14.2759835,0.6137384375,0.0,8.048875,3.771604,0.964771,3653.165542,0.0,0.0994445,0.718313561544102,55927.44577,0.0,0.0,0.9959100204498977,9.3957241607,8.80048557412,packed_rank,0.9137384378607282,0.8623035703857194,0.9594467463034764
osm,read_only,packed_rank_vp10,3,False,2606207.00776,0,0,0,14.2792555,14.2792555,0.6137384375,0.0,8.048875,3.772087,0.964836,1022.424979,0.0,0.0998535,0.7174707865967482,15115.485308,0.0,0.0,1.0,0.0,0.0,packed_rank,0.9998328283294434,0.8540896964670792,1.0994080942504667
osm,read_only,raw_rank,3,False,3105723.07772,0,0,0,16.69552,16.69552,1.015625,0.0,8.015544,4.365379,1.296788,28.080667,0.0,0.0,1.0,0.0,0.0,0.0,0.0,0.0,0.0,packed_rank,1.219544516447672,0.958086378291273,1.456708538026582
osm,read_only,sorted_vector,3,False,4518158.1954,0,0,0,16.000012,16.000012,1.0,0.0,0.0,0.0,0.0,22.1230835,0.0,0.0,1.0,0.0,0.0,0.0,0.0,0.0,0.0,packed_rank,1.7314950976722643,1.2703091679617196,2.2773572654939573
planet,read_only,packed_byte,3,False,3081585.36387,0,0,0,10.2722325,10.2722325,0.2127140625,0.0,12.378216,4.505753,1.409427,27.2907085,0.0,0.0,1.0,0.0,0.0,0.0,0.0,0.0,0.0,packed_rank,1.0441978869764708,0.871725731033166,1.1461879721274788
planet,read_only,packed_rank,3,False,2738322.1684,0,0,0,10.2722325,10.2722325,0.2127140625,0.0,12.378216,4.622028,1.526867,28.0128125,0.0,0.0,1.0,0.0,0.0,0.0,0.0,0.0,0.0,packed_rank,1.0,1.0,1.0
planet,read_only,packed_rank_flow,3,False,3051985.23048,0,0,0,10.2722325,10.2722325,0.2127140625,0.0,12.378216,4.622035,1.526857,31.051146,0.034764826175869123,0.0,1.0,30.025585,0.0,0.034764826175869123,0.0,0.0,0.0,packed_rank,1.0336216637016788,0.8718740933942776,1.1364050389242573
planet,read_only,packed_rank_flow_costsel,3,False,3115926.49022,0,0,0,10.2722325,10.2722325,0.2127140625,0.0,12.378216,4.622028,1.526867,37.189604,0.0,0.0,1.0,28.9723105,0.0,0.0,0.0,9.64521307968,9.64521307968,packed_rank,1.0306803195756915,0.9498610077023105,1.1589610682205391
planet,read_only,packed_rank_flow_forced,3,False,2937976.73741,0,0,0,10.2722325,10.2722325,0.2127140625,0.0,12.378216,4.622056,1.526876,30.8297085,1.0,0.0,1.0,31.4823475,0.0,1.0,0.0,0.0,0.0,packed_rank,1.0246131923547508,0.9527290916182617,1.0729112780497476
planet,read_only,packed_rank_flow_vp10,3,False,2835249.66677,0,0,0,11.0710605,11.0710605,0.2127140625,0.0,12.378216,4.094926,1.225733,1016.91475,0.034764826175869123,0.0998535,0.7962549783063799,14045.3375635,0.034764826175869123,0.034764826175869123,1.0,0.0,0.0,packed_rank,0.9870209029919158,0.8693915332233441,1.0545640254304212
planet,read_only,packed_rank_fusion_auto,3,False,3173781.18543,0,0,0,11.0661525,11.0661525,0.2127140625,0.0,12.378216,4.094434,1.226199,3281.616875,0.0,0.09924,0.7984196813392136,50704.6222035,0.0,0.0,0.9938650306748467,9.64521307968,9.11769159131,packed_rank,1.1050147799110974,1.0024969238034966,1.1804799774671502
planet,read_only,packed_rank_vp10,3,False,2988874.28907,0,0,0,11.0710605,11.0710605,0.2127140625,0.0,12.378216,4.094878,1.225718,904.9720625,0.0,0.0998535,0.7962533973900086,13096.0074595,0.0,0.0,1.0,0.0,0.0,packed_rank,1.0110781984861126,0.9428560027569095,1.0914984086099693
planet,read_only,raw_rank,3,False,3040796.85712,0,0,0,16.69552,16.69552,1.015625,0.0,8.015544,4.622028,1.526867,26.460667,0.0,0.0,1.0,0.0,0.0,0.0,0.0,0.0,0.0,packed_rank,1.0984205594939978,0.8399383422277913,1.4208743922278093
planet,read_only,sorted_vector,3,False,2957141.77462,0,0,0,16.000012,16.000012,1.0,0.0,0.0,0.0,0.0,21.116708,0.0,0.0,1.0,0.0,0.0,0.0,0.0,0.0,0.0,packed_rank,1.0706228769184196,0.8853516644159378,1.5092456902852167
stack,read_only,packed_byte,3,False,3298334.34478,0,0,0,9.186032,9.186032,0.076939,0.0,8.015544,2.788681,0.211691,29.3594375,0.0,0.0,1.0,0.0,0.0,0.0,0.0,0.0,0.0,packed_rank,0.9987683755237114,0.9094148867346664,1.0801006955339203
stack,read_only,packed_rank,3,False,3251821.01977,0,0,0,9.186032,9.186032,0.076939,0.0,8.015544,2.078663,0.046407,30.2990205,0.0,0.0,1.0,0.0,0.0,0.0,0.0,0.0,0.0,packed_rank,1.0,1.0,1.0
stack,read_only,packed_rank_flow,3,False,3397450.29849,0,0,0,9.186032,9.186032,0.076939,0.0,8.015544,2.078663,0.046407,34.2255205,0.0,0.0,1.0,26.612734,0.0,0.0,0.0,0.0,0.0,packed_rank,1.0615683279496066,1.0378867300478654,1.0985375801279345
stack,read_only,packed_rank_flow_costsel,3,False,3426943.63426,0,0,0,9.186032,9.186032,0.076939,0.0,8.015544,2.078663,0.046407,39.5692085,0.0,0.0,1.0,28.181018,0.0,0.0,0.0,7.1071978714,7.1071978714,packed_rank,1.0582718676315583,1.0382903858239654,1.0987005090436068
stack,read_only,packed_rank_flow_forced,3,False,3392886.02662,0,0,0,9.186032,9.186032,0.076939,0.0,8.015544,2.078779,0.046428,32.7,1.0,0.0,1.0,29.903648,0.0,1.0,0.0,0.0,0.0,packed_rank,1.0299025361984653,0.9896298110643293,1.0534658794368374
stack,read_only,packed_rank_flow_vp10,3,False,3500442.00781,0,0,0,9.434172,9.434172,0.076939,0.0,8.015544,1.981476,0.00744,1050.489708,0.0,0.0310175,0.024175366841385534,14426.576542,0.0,0.0,1.0,0.0,0.0,packed_rank,1.0347306141474444,0.9642670968151145,1.0764559262420859
stack,read_only,packed_rank_fusion_auto,3,False,3157090.5129,0,0,0,9.434172,9.434172,0.076939,0.0,8.015544,1.981476,0.00744,2055.369292,0.0,0.0310175,0.024175366841385534,28724.2939815,0.0,0.0,1.0,7.1071978714,7.00931423389,packed_rank,0.9738629085108983,0.9247742971404606,1.0287203374856824
stack,read_only,packed_rank_vp10,3,False,3384216.43756,0,0,0,9.434172,9.434172,0.076939,0.0,8.015544,1.981476,0.00744,1058.8372295,0.0,0.0310175,0.024175366841385534,14472.043644,0.0,0.0,1.0,0.0,0.0,packed_rank,1.0486764685924923,1.0057691680864178,1.1182946537995224
stack,read_only,raw_rank,3,False,3230302.82474,0,0,0,16.69552,16.69552,1.015625,0.0,8.015544,2.078663,0.046407,27.158271,0.0,0.0,1.0,0.0,0.0,0.0,0.0,0.0,0.0,packed_rank,0.9096952764049315,0.7584679299029956,0.9976290934009052
stack,read_only,sorted_vector,3,False,5246556.46464,0,0,0,16.000012,16.000012,1.0,0.0,0.0,0.0,0.0,20.1742915,0.0,0.0,1.0,0.0,0.0,0.0,0.0,0.0,0.0,packed_rank,1.4138785086399885,1.0998754879358903,1.6134210440066246
wise,read_only,packed_byte,3,False,2779039.92508,0,0,0,11.255992,11.255992,0.335684,0.0,8.015544,2.375957,0.139108,29.102521,0.0,0.0,1.0,0.0,0.0,0.0,0.0,0.0,0.0,packed_rank,0.9510411605821983,0.912465420698263,0.9780826403110612
wise,read_only,packed_rank,3,False,2901475.32767,0,0,0,11.255992,11.255992,0.335684,0.0,8.015544,2.318973,0.143296,29.933792,0.0,0.0,1.0,0.0,0.0,0.0,0.0,0.0,0.0,packed_rank,1.0,1.0,1.0
wise,read_only,packed_rank_flow,3,False,2768569.07867,0,0,0,11.255992,11.255992,0.335684,0.0,8.015544,2.318971,0.143297,35.34325,0.002044989775051125,0.0,1.0,29.4498585,0.0,0.002044989775051125,0.0,0.0,0.0,packed_rank,0.9796630766190603,0.9390262431450455,1.0275816991220899
wise,read_only,packed_rank_flow_costsel,3,False,3204732.31797,0,0,0,11.255992,11.255992,0.335684,0.0,8.015544,2.318973,0.143296,40.4355,0.0,0.0,1.0,32.3833055,0.0,0.0,0.0,7.34512874826,7.34512874826,packed_rank,1.1078163062693422,1.078543466176225,1.1279050073237262
wise,read_only,packed_rank_flow_forced,3,False,2804568.5513,0,0,0,11.255992,11.255992,0.335684,0.0,8.015544,2.318979,0.143287,32.7167915,1.0,0.0,1.0,27.7023145,0.0,1.0,0.0,0.0,0.0,packed_rank,0.9497275678521373,0.882403958445592,1.0309105402774599
wise,read_only,packed_rank_flow_vp10,3,False,2861672.47586,0,0,0,12.038288,12.038288,0.335684,0.0,8.015544,2.016653,0.021276,2183.1036045,0.002044989775051125,0.097787,0.04861060414337426,33185.3714375,0.002044989775051125,0.002044989775051125,1.0,0.0,0.0,packed_rank,1.018905428707895,0.9608654384354959,1.1229687232276129
wise,read_only,packed_rank_fusion_auto,3,False,2754239.23828,0,0,0,12.038288,12.038288,0.335684,0.0,8.015544,2.016655,0.021275,5044.1892915,0.0,0.097787,0.04861039747567268,77256.649984,0.0,0.0,1.0,7.34512874826,7.04456090635,packed_rank,0.9456250386807197,0.8750326602255916,0.9968967963361033
wise,read_only,packed_rank_vp10,3,False,2681415.64685,0,0,0,12.038288,12.038288,0.335684,0.0,8.015544,2.016655,0.021275,2145.609,0.0,0.097787,0.04861039747567268,32148.812524,0.0,0.0,1.0,0.0,0.0,packed_rank,0.9565980851743449,0.8758815840528977,1.0590055167297567
wise,read_only,raw_rank,3,False,3772424.10941,0,0,0,16.69552,16.69552,1.015625,0.0,8.015544,2.318973,0.143296,27.0665625,0.0,0.0,1.0,0.0,0.0,0.0,0.0,0.0,0.0,packed_rank,1.2964153496052175,1.1261545613154667,1.488102558411831
wise,read_only,sorted_vector,3,False,5821858.42128,0,0,0,16.000012,16.000012,1.0,0.0,0.0,0.0,0.0,22.268646,0.0,0.0,1.0,0.0,0.0,0.0,0.0,0.0,0.0,packed_rank,1.8732567253658439,1.631525856177011,2.0610743318511355
