dataset,profile,variant,runs,all_verified,throughput_ops_s_median,read_hit_p99_ns_median,insert_p99_ns_median,scan_p99_ns_median,initial_bytes_per_key,final_bytes_per_key,key_arena_ratio,rewrite_bytes_per_operation,decode_work_per_operation,fence_probes_per_operation,correction_distance_per_operation,build_ns_per_key,flow_region_fraction,virtual_points_per_key,rank_sse_ratio,preprocess_ns_per_key,baseline,paired_throughput_speedup,seed_bootstrap_low,seed_bootstrap_high
clustered,read_heavy,packed_byte,3,True,1062661.76369,417,185041,4541,10.1734,10.414593053395542,0.19834166666666667,82.206,20.2438,4.8366,1.4378,76.66666666666667,0.0,0.0,1.0,0.0,packed_rank,0.9768531167440736,0.9637999009725368,0.9949083624245008
clustered,read_heavy,packed_byte_flow,3,True,1097564.48246,458,186291,4750,10.1734,10.414593053395542,0.19834166666666667,82.206,20.2438,4.8366,1.4378,108.53613333333334,0.0,0.0,1.0,23.236133333333335,packed_rank,1.0005177064739925,0.9732759150347872,1.0275857466704947
clustered,read_heavy,packed_rank,3,True,1092120.35166,417,184958,4000,10.1734,10.414593053395542,0.19834166666666667,82.206,20.2438,4.809,1.4384,77.18053333333333,0.0,0.0,1.0,0.0,packed_rank,1.0,1.0,1.0
clustered,read_heavy,packed_rank_flow,3,True,1086779.32946,458,187084,4292,10.1734,10.414593053395542,0.19834166666666667,82.206,20.2438,4.809,1.4384,108.825,0.0,0.0,1.0,23.058333333333334,packed_rank,0.9960393411191214,0.9922789473645188,1.000748229522863
clustered,read_heavy,packed_rank_flow_forced,3,True,870568.263434,459,248917,4125,10.1734,10.414593053395542,0.19834166666666667,82.206,20.2438,4.8178,1.4398,107.38613333333333,1.0,0.0,1.0,22.733333333333334,packed_rank,0.79871954542442,0.7878280627650389,0.8158969934608366
clustered,read_heavy,packed_rank_flow_vp10,3,True,1057855.82779,459,201792,4334,10.779666666666667,11.03615863141524,0.19834166666666667,82.206,20.2438,4.8114,1.4088,11653.777733333332,0.0,0.07606666666666667,0.9507677116298424,11554.863933333334,packed_rank,0.9631294321943229,0.9573155173439024,0.9696516455172531
clustered,read_heavy,packed_rank_vp05,3,True,1068347.53345,458,192834,4334,10.5718,10.801840331778124,0.19834166666666667,82.206,20.2438,4.799,1.4176,6704.766666666666,0.0,0.0498,0.9533468670111545,6621.144466666667,packed_rank,0.9713791710711488,0.9468976215104407,1.001203058270342
clustered,read_heavy,packed_rank_vp10,3,True,1063103.93606,458,192416,4166,10.779666666666667,11.03615863141524,0.19834166666666667,82.206,20.2438,4.8114,1.4088,11646.855533333333,0.0,0.07606666666666667,0.9507677116298424,11552.5666,packed_rank,0.9816304279092406,0.9620648370069305,1.0120257273440818
clustered,read_heavy,packed_rank_vp10_relearn,3,True,9144.68469189,875,14383000,7375,10.779666666666667,11.032529808190773,0.19834166666666667,82.206,20.2438,4.8114,1.4088,11569.747266666667,0.0,0.07606666666666667,0.9507677116298424,11529.563866666667,packed_rank,0.008550615101208324,0.007937960827085573,0.009516686650104845
clustered,read_heavy,packed_rank_vp30,3,True,1051331.24819,459,198375,4625,10.9226,11.179237947122862,0.19834166666666667,82.206,20.2438,4.8146,1.4106,16418.558333333334,0.0,0.09393333333333333,0.9506779537894459,16260.111066666666,packed_rank,0.9599060111622514,0.9549102962884877,0.9626514574076004
clustered,read_heavy,raw_rank,3,True,1996937.49666,209,93583,2209,16.712533333333333,16.93727319854847,1.0157333333333334,138.4096,14.606,4.809,1.4384,49.05,0.0,0.0,1.0,0.0,packed_rank,1.8426119478544751,1.8284958188213387,1.8505245356443671
clustered,read_only,packed_byte,3,True,4673080.62559,375,0,0,10.1734,10.1734,0.19834166666666667,0.0,13.7306,4.879,1.429,78.36666666666666,0.0,0.0,1.0,0.0,packed_rank,1.0062711490380574,0.9986369263101535,1.0192897835406076
clustered,read_only,packed_byte_flow,3,True,4685671.12399,416,0,0,10.1734,10.1734,0.19834166666666667,0.0,13.7306,4.879,1.429,107.65553333333334,0.0,0.0,1.0,22.980533333333334,packed_rank,1.0085369932275157,1.0028916322815125,1.019091525422768
clustered,read_only,packed_rank,3,True,4668351.00771,416,0,0,10.1734,10.1734,0.19834166666666667,0.0,13.7306,4.8184,1.432,77.575,0.0,0.0,1.0,0.0,packed_rank,1.0,1.0,1.0
clustered,read_only,packed_rank_flow,3,True,4607585.74487,417,0,0,10.1734,10.1734,0.19834166666666667,0.0,13.7306,4.8184,1.432,107.88333333333334,0.0,0.0,1.0,22.672266666666665,packed_rank,0.9933084422059931,0.9850244248129386,0.9991445568352928
clustered,read_only,packed_rank_flow_forced,3,True,4074288.95509,459,0,0,10.1734,10.1734,0.19834166666666667,0.0,13.7306,4.8368,1.432,107.39726666666667,1.0,0.0,1.0,22.805533333333333,packed_rank,0.8710673476985994,0.865399764310523,0.8750847318866376
clustered,read_only,packed_rank_flow_vp10,3,True,4656937.39307,416,0,0,10.779666666666667,10.779666666666667,0.19834166666666667,0.0,13.7306,4.7526,1.4088,11632.966666666667,0.0,0.07606666666666667,0.9507677116298424,11569.599933333333,packed_rank,0.994717070003746,0.9688423372961963,1.01501769170552
clustered,read_only,packed_rank_vp05,3,True,4557540.31372,375,0,0,10.5718,10.5718,0.19834166666666667,0.0,13.7306,4.7782,1.4154,6712.763866666666,0.0,0.0498,0.9533468670111545,6596.127866666667,packed_rank,0.983509315140505,0.9605358575809747,0.9970527123244853
clustered,read_only,packed_rank_vp10,3,True,4653686.60399,375,0,0,10.779666666666667,10.779666666666667,0.19834166666666667,0.0,13.7306,4.7526,1.4088,11673.786133333333,0.0,0.07606666666666667,0.9507677116298424,11505.808333333332,packed_rank,1.0003927478140542,0.9888214616103862,1.014309155569064
clustered,read_only,packed_rank_vp10_relearn,3,True,4682375.72507,416,0,0,10.779666666666667,10.779666666666667,0.19834166666666667,0.0,13.7306,4.7526,1.4088,11682.458333333334,0.0,0.07606666666666667,0.9507677116298424,11586.536133333333,packed_rank,1.0058959145460704,0.9909224739222556,1.0240394734850409
clustered,read_only,packed_rank_vp30,3,True,4655493.48231,375,0,0,10.9226,10.9226,0.19834166666666667,0.0,13.7306,4.7526,1.4088,16404.85,0.0,0.09393333333333333,0.9506779537894459,16237.239,packed_rank,0.9957136025493866,0.9878005891668374,1.0021478964021147
clustered,read_only,raw_rank,3,True,9238592.18637,167,0,0,16.712533333333333,16.712533333333333,1.0157333333333334,0.0,8.011,4.8184,1.432,49.2278,0.0,0.0,1.0,0.0,packed_rank,1.9681142460309486,1.9456210667246145,1.979932391757838
dense_sparse,read_heavy,packed_byte,3,True,951225.892369,750,190542,3500,11.332533333333334,11.581842923794712,0.34323333333333333,92.2374,50.6696,2.5754,0.1898,91.9972,0.0,0.0,1.0,0.0,packed_rank,1.0264281298777922,0.9789909453089488,1.0641568584258727
dense_sparse,read_heavy,packed_byte_flow,3,True,951633.240549,750,187875,3417,11.332533333333334,11.581842923794712,0.34323333333333333,92.2374,50.6696,2.5754,0.1898,129.65553333333332,0.0,0.0,1.0,22.7444,packed_rank,1.0268288571309765,0.9989703011335729,1.0592789474937858
dense_sparse,read_heavy,packed_rank,3,True,916394.237933,750,196542,3541,11.332533333333334,11.581842923794712,0.34323333333333333,92.2374,50.6696,2.4332,0.1932,91.20833333333333,0.0,0.0,1.0,0.0,packed_rank,1.0,1.0,1.0
dense_sparse,read_heavy,packed_rank_flow,3,True,943307.235166,750,188042,3625,11.332533333333334,11.581842923794712,0.34323333333333333,92.2374,50.6696,2.4332,0.1932,129.45833333333334,0.0,0.0,1.0,23.4278,packed_rank,1.0204519899664888,0.9996462597860605,1.0439593702529864
dense_sparse,read_heavy,packed_rank_flow_forced,3,True,786988.498793,792,249417,3583,11.332533333333334,11.581842923794712,0.34323333333333333,92.2374,50.6696,2.4296,0.191,132.31386666666666,1.0,0.0,1.0,22.727866666666667,packed_rank,0.8512111617460437,0.8453285472126565,0.85878813529875
dense_sparse,read_heavy,packed_rank_flow_vp10,3,True,899644.640367,750,208708,3584,12.131466666666666,12.358411093831,0.34323333333333333,92.2374,50.6696,2.3636,0.1712,27926.6,0.0,0.09986666666666667,0.7831738969218373,27699.877733333335,packed_rank,0.9908680383561624,0.9802083381985145,1.0014095632227047
dense_sparse,read_heavy,packed_rank_vp05,3,True,908471.496707,708,201042,3542,11.730933333333333,11.969090202177293,0.34323333333333333,92.2374,50.6696,2.3766,0.1796,11366.383333333333,0.0,0.0498,0.820570265091343,11216.099866666667,packed_rank,0.9940409369750972,0.9843713715106905,1.0065257256535147
dense_sparse,read_heavy,packed_rank_vp10,3,True,921942.281619,750,213959,3500,12.131466666666666,12.358411093831,0.34323333333333333,92.2374,50.6696,2.3636,0.1712,27722.908333333333,0.0,0.09986666666666667,0.7831738969218373,27733.7916,packed_rank,0.9902594628491196,0.9623151224533072,1.026229442300685
dense_sparse,read_heavy,packed_rank_vp10_relearn,3,True,3980.60054325,1000,56259375,4167,12.131466666666666,12.377592016588906,0.34323333333333333,92.2374,50.6696,2.3588,0.1706,27783.625,0.0,0.09986666666666667,0.7831738969218373,27705.63893333333,packed_rank,0.004301174139286445,0.004133694847030514,0.004430873338781759
dense_sparse,read_heavy,packed_rank_vp30,3,True,878213.713307,750,242833,3542,13.730933333333333,13.91310264385692,0.34323333333333333,92.2374,50.6696,2.316,0.151,131285.6528,0.0,0.2998,0.6933038715922035,130960.15006666667,packed_rank,0.9578293236860719,0.915166885989656,1.0019504028083743
dense_sparse,read_heavy,raw_rank,3,True,2064232.30375,250,94792,2375,16.712533333333333,16.93727319854847,1.0157333333333334,138.4096,14.606,2.4332,0.1932,61.233333333333334,0.0,0.0,1.0,0.0,packed_rank,2.253277373783368,2.217345817855093,2.297731656407376
dense_sparse,read_only,packed_byte,3,True,2960697.9194,625,0,0,11.332533333333334,11.332533333333334,0.34323333333333333,0.0,45.2954,2.5438,0.1922,91.63886666666667,0.0,0.0,1.0,0.0,packed_rank,1.0355062054472681,1.0221989439993544,1.0569719626182708
dense_sparse,read_only,packed_byte_flow,3,True,2904514.66141,666,0,0,11.332533333333334,11.332533333333334,0.34323333333333333,0.0,45.2954,2.5438,0.1922,131.5,0.0,0.0,1.0,23.150066666666667,packed_rank,1.00663160550814,0.9460144348872297,1.0503718712731913
dense_sparse,read_only,packed_rank,3,True,2841850.45387,625,0,0,11.332533333333334,11.332533333333334,0.34323333333333333,0.0,45.2954,2.4228,0.1974,94.0528,0.0,0.0,1.0,0.0,packed_rank,1.0,1.0,1.0
dense_sparse,read_only,packed_rank_flow,3,True,2946087.7722,625,0,0,11.332533333333334,11.332533333333334,0.34323333333333333,0.0,45.2954,2.4228,0.1974,129.01393333333334,0.0,0.0,1.0,23.063933333333335,packed_rank,1.031022689854707,1.0038993873604114,1.0675879776481163
dense_sparse,read_only,packed_rank_flow_forced,3,True,2671533.84513,667,0,0,11.332533333333334,11.332533333333334,0.34323333333333333,0.0,45.2954,2.4396,0.199,130.4306,1.0,0.0,1.0,22.8472,packed_rank,0.9375226163718839,0.9331099138129753,0.9441868492155673
dense_sparse,read_only,packed_rank_flow_vp10,3,True,3003453.97207,625,0,0,12.131466666666666,12.131466666666666,0.34323333333333333,0.0,45.2954,2.3148,0.1726,27867.6,0.0,0.09986666666666667,0.7831738969218373,27679.9556,packed_rank,1.0387973140302027,0.9941526564519038,1.0668899309488655
dense_sparse,read_only,packed_rank_vp05,3,True,3018944.4804,625,0,0,11.730933333333333,11.730933333333333,0.34323333333333333,0.0,45.2954,2.3418,0.1792,11347.9222,0.0,0.0498,0.820570265091343,11213.741733333334,packed_rank,1.0535111921840536,1.025734042554581,1.0730718105698236
dense_sparse,read_only,packed_rank_vp10,3,True,2935709.14403,750,0,0,12.131466666666666,12.131466666666666,0.34323333333333333,0.0,45.2954,2.3148,0.1726,27793.6722,0.0,0.09986666666666667,0.7831738969218373,27734.941666666666,packed_rank,1.027884235636684,1.0147143267317884,1.0502934931271153
dense_sparse,read_only,packed_rank_vp10_relearn,3,True,3005786.74063,666,0,0,12.131466666666666,12.131466666666666,0.34323333333333333,0.0,45.2954,2.3148,0.1726,27746.552733333334,0.0,0.09986666666666667,0.7831738969218373,27690.780533333334,packed_rank,1.032029205225726,0.9727921851175045,1.0683140633268107
dense_sparse,read_only,packed_rank_vp30,3,True,2973461.26353,625,0,0,13.730933333333333,13.730933333333333,0.34323333333333333,0.0,45.2954,2.2654,0.1514,130771.06393333334,0.0,0.2998,0.6933038715922035,130752.2806,packed_rank,1.026592224952445,0.9957316496885044,1.0508955470636436
dense_sparse,read_only,raw_rank,3,True,10452051.2151,125,0,0,16.712533333333333,16.712533333333333,1.0157333333333334,0.0,8.0112,2.4228,0.1974,61.608333333333334,0.0,0.0,1.0,0.0,packed_rank,3.6937022363303815,3.6210535539801327,3.7674882226894875
locally_hard,read_heavy,packed_byte,3,True,1074902.8879,458,181875,2584,10.8704,11.109447900466563,0.28546666666666665,88.2154,52.4552,2.288,0.0848,85.11393333333334,0.0,0.0,1.0,0.0,packed_rank,0.9834958246550226,0.9723173163122351,1.004015693217092
locally_hard,read_heavy,packed_byte_flow,3,True,1042616.96859,459,181000,2542,10.8704,11.109447900466563,0.28546666666666665,88.2154,52.4552,2.288,0.0848,115.6944,0.0,0.0,1.0,22.45,packed_rank,0.9709360193679305,0.9449585820356415,1.0088563605643381
locally_hard,read_heavy,packed_rank,3,True,1103062.67558,417,180041,2417,10.8704,11.109447900466563,0.28546666666666665,88.2154,52.4552,2.055,0.0466,84.06666666666666,0.0,0.0,1.0,0.0,packed_rank,1.0,1.0,1.0
locally_hard,read_heavy,packed_rank_flow,3,True,1097373.69942,417,180334,2583,10.8704,11.109447900466563,0.28546666666666665,88.2154,52.4552,2.055,0.0466,116.00833333333334,0.0,0.0,1.0,22.869533333333333,packed_rank,0.9958616079358982,0.9715904938007964,1.0220477365288512
locally_hard,read_heavy,packed_rank_flow_forced,3,True,870928.409685,500,243583,3292,10.8704,11.109447900466563,0.28546666666666665,88.2154,52.4552,2.071,0.0514,119.18886666666667,1.0,0.0,1.0,22.861066666666666,packed_rank,0.7877079480830292,0.7693287249412111,0.8046397189384455
locally_hard,read_heavy,packed_rank_flow_vp10,3,True,1051100.95467,500,197458,2917,11.2538,11.424421627242006,0.28546666666666665,88.2154,52.4552,1.9944,0.019,20011.986133333332,0.0,0.0482,0.07108947737283827,19938.024933333334,packed_rank,0.9541363058533555,0.9402530279759788,0.9688083689457652
locally_hard,read_heavy,packed_rank_vp05,3,True,1059097.6488,458,192083,2542,11.233533333333334,11.404665973485834,0.28546666666666665,88.2154,52.4552,1.9964,0.0192,18677.094466666666,0.0,0.04566666666666667,0.07900044886014375,18602.902866666667,packed_rank,0.9552236290005283,0.9335014978207814,0.9724434092694515
locally_hard,read_heavy,packed_rank_vp10,3,True,1047677.9371,417,191667,2584,11.2538,11.424421627242006,0.28546666666666665,88.2154,52.4552,1.9944,0.019,19900.583333333332,0.0,0.0482,0.07108947737283827,19847.491733333332,packed_rank,0.9550489866491801,0.9422652234759437,0.9736166640805811
locally_hard,read_heavy,packed_rank_vp10_relearn,3,True,6510.04369541,1041,33162625,4250,11.2538,11.395308032232908,0.28546666666666665,88.2154,52.4552,1.9848,0.0154,19902.225,0.0,0.0482,0.07108947737283827,19822.208333333332,packed_rank,0.006513065142753403,0.005409590044496517,0.008511665675337288
locally_hard,read_heavy,packed_rank_vp30,3,True,1045105.06232,459,189875,3000,11.2538,11.424421627242006,0.28546666666666665,88.2154,52.4552,1.9944,0.019,19903.416666666668,0.0,0.0482,0.07108947737283827,19809.383266666668,packed_rank,0.9592784268483256,0.9414067578562424,0.9899398007705063
locally_hard,read_heavy,raw_rank,3,True,2054091.62728,250,93750,2250,16.712533333333333,16.93727319854847,1.0157333333333334,138.4096,14.6042,2.055,0.0466,52.083333333333336,0.0,0.0,1.0,0.0,packed_rank,1.8448026971214142,1.8080097828183823,1.8652678360167927
locally_hard,read_only,packed_byte,3,True,3633720.93023,417,0,0,10.8704,10.8704,0.28546666666666665,0.0,46.988,2.3074,0.0866,82.90273333333333,0.0,0.0,1.0,0.0,packed_rank,0.9893292245687966,0.9045856473126852,1.0877247980431788
locally_hard,read_only,packed_byte_flow,3,True,3966941.09965,375,0,0,10.8704,10.8704,0.28546666666666665,0.0,46.988,2.3074,0.0866,115.28606666666667,0.0,0.0,1.0,22.383466666666667,packed_rank,1.0457486920482666,0.9715327686867808,1.0956358094183967
locally_hard,read_only,packed_rank,3,True,3692306.78343,375,0,0,10.8704,10.8704,0.28546666666666665,0.0,46.988,2.0704,0.0462,84.9278,0.0,0.0,1.0,0.0,packed_rank,1.0,1.0,1.0
locally_hard,read_only,packed_rank_flow,3,True,3871593.19157,375,0,0,10.8704,10.8704,0.28546666666666665,0.0,46.988,2.0704,0.0462,116.7056,0.0,0.0,1.0,22.925,packed_rank,1.0109603129763018,0.8950106791179535,1.1009869320607955
locally_hard,read_only,packed_rank_flow_forced,3,True,3232933.50567,458,0,0,10.8704,10.8704,0.28546666666666665,0.0,46.988,2.0838,0.0506,114.57226666666666,1.0,0.0,1.0,22.719533333333334,packed_rank,0.8733393349574958,0.801048471362401,0.9312859032113494
locally_hard,read_only,packed_rank_flow_vp10,3,True,3940498.47306,375,0,0,11.2538,11.2538,0.28546666666666665,0.0,46.988,1.995,0.0156,19985.6278,0.0,0.0482,0.07108947737283827,19889.419466666666,packed_rank,1.0462561947758722,0.993498181265533,1.0883325780723
locally_hard,read_only,packed_rank_vp05,3,True,3996269.08318,375,0,0,11.233533333333334,11.233533333333334,0.28546666666666665,0.0,46.988,1.995,0.0156,18605.45,0.0,0.04566666666666667,0.07900044886014375,19743.261133333333,packed_rank,1.0637965300528018,1.0024305308546284,1.1011326622136688
locally_hard,read_only,packed_rank_vp10,3,True,3996802.55795,375,0,0,11.2538,11.2538,0.28546666666666665,0.0,46.988,1.995,0.0156,19970.70273333333,0.0,0.0482,0.07108947737283827,19802.925,packed_rank,1.058795505148936,1.0032660733928875,1.0929624060153111
locally_hard,read_only,packed_rank_vp10_relearn,3,True,3831907.99129,375,0,0,11.2538,11.2538,0.28546666666666665,0.0,46.988,1.995,0.0156,19890.4278,0.0,0.0482,0.07108947737283827,19801.969466666666,packed_rank,1.0144510118879906,0.9882028674796259,1.0583407991674645
locally_hard,read_only,packed_rank_vp30,3,True,3893195.62841,375,0,0,11.2538,11.2538,0.28546666666666665,0.0,46.988,1.995,0.0156,19936.088866666665,0.0,0.0482,0.07108947737283827,19852.419466666666,packed_rank,0.9974881861348359,0.9206796960089185,1.0752679297238614
locally_hard,read_only,raw_rank,3,True,11034482.7586,167,0,0,16.712533333333333,16.712533333333333,1.0157333333333334,0.0,8.0116,2.0704,0.0462,51.788866666666664,0.0,0.0,1.0,0.0,packed_rank,2.9183076722027272,2.7722450134384737,2.99990441723784
lognormal,read_heavy,packed_byte,3,True,933866.733108,334,222917,5041,11.7428,11.987882322446863,0.3945166666666667,95.3988,14.606,4.7672,1.9036,93.64726666666667,0.0,0.0,1.0,0.0,packed_rank,0.966908337947308,0.9165910026333755,1.0258730538616705
lognormal,read_heavy,packed_byte_flow,3,True,911217.026928,375,283041,5000,11.7428,11.987882322446863,0.3945166666666667,95.3988,14.606,4.6194,1.6346,130.23893333333334,0.25,0.0,1.0,22.875066666666665,packed_rank,0.9420856041507862,0.9000584043721849,0.9739322068843655
lognormal,read_heavy,packed_rank,3,True,965678.249913,375,220042,5667,11.7428,11.987882322446863,0.3945166666666667,95.3988,14.606,4.8172,1.9342,90.8972,0.0,0.0,1.0,0.0,packed_rank,1.0,1.0,1.0
lognormal,read_heavy,packed_rank_flow,3,True,934841.544358,417,290917,6209,11.7428,11.987882322446863,0.3945166666666667,95.3988,14.606,4.7242,1.713,130.25553333333335,0.25,0.0,1.0,21.947266666666668,packed_rank,0.966609550532302,0.9623649621390022,0.971275413940928
lognormal,read_heavy,packed_rank_flow_forced,3,True,791718.623201,416,284167,5541,11.7428,11.987882322446863,0.3945166666666667,95.3988,14.606,4.7238,1.7128,130.87226666666666,1.0,0.0,1.0,22.963933333333333,packed_rank,0.8247213687739743,0.8131076733906581,0.8414634793362452
lognormal,read_heavy,packed_rank_flow_vp10,3,True,924841.29261,416,294417,5042,12.541733333333333,12.764450492483151,0.3945166666666667,95.3988,14.606,4.0874,1.3276,15122.8694,0.25,0.09986666666666667,0.7597633737584769,14983.038933333333,packed_rank,0.9491991021005732,0.914237464766902,0.9825257273587229
lognormal,read_heavy,packed_rank_vp05,3,True,946431.951543,375,231791,5375,12.1412,12.375129600829446,0.3945166666666667,95.3988,14.606,4.4638,1.7244,5230.7278,0.0,0.0498,0.9168450155304281,5125.325,packed_rank,0.984009203340936,0.9563081353492852,1.01658263503421
lognormal,read_heavy,packed_rank_vp10,3,True,945537.065053,375,238750,5500,12.541733333333333,12.764450492483151,0.3945166666666667,95.3988,14.606,4.1956,1.5648,14975.713933333333,0.0,0.09986666666666667,0.8548690531886144,14882.0056,packed_rank,0.9721769504593526,0.9432880306065359,1.0007170058303774
lognormal,read_heavy,packed_rank_vp10_relearn,3,True,7322.55303366,916,19641416,7458,12.541733333333333,12.783631415241057,0.3945166666666667,95.3988,14.606,4.1874,1.5606,15109.691666666668,0.0,0.09986666666666667,0.8548690531886144,14925.400066666667,packed_rank,0.0075437291726320535,0.007283530545203507,0.007689603322515634
lognormal,read_heavy,packed_rank_vp30,3,True,884799.150593,375,259833,4917,14.1412,14.319142042509071,0.3945166666666667,95.3988,14.606,3.4874,1.1434,99587.39166666666,0.0,0.2998,0.7293207897322169,99886.11946666667,packed_rank,0.9311311502555903,0.9097930921051106,0.9741894834806349
lognormal,read_heavy,raw_rank,3,True,1911132.34591,291,97250,2292,16.712533333333333,16.93727319854847,1.0157333333333334,138.4096,14.606,4.8172,1.9342,60.41113333333333,0.0,0.0,1.0,0.0,packed_rank,1.9897859414145964,1.9355590630618513,2.0566213165515306
lognormal,read_only,packed_byte,3,True,4348139.90923,292,0,0,11.7428,11.7428,0.3945166666666667,0.0,8.011,4.7636,1.9074,93.03053333333334,0.0,0.0,1.0,0.0,packed_rank,0.9992530267392302,0.9896001189650754,1.0115064793652082
lognormal,read_only,packed_byte_flow,3,True,4252152.65228,334,0,0,11.7428,11.7428,0.3945166666666667,0.0,8.011,4.5966,1.6058,131.2778,0.25,0.0,1.0,22.311133333333334,packed_rank,0.9786995798936146,0.9627052169038895,0.9874204315941038
lognormal,read_only,packed_rank,3,True,4358882.48714,292,0,0,11.7428,11.7428,0.3945166666666667,0.0,8.011,4.8202,1.9406,92.51386666666667,0.0,0.0,1.0,0.0,packed_rank,1.0,1.0,1.0
lognormal,read_only,packed_rank_flow,3,True,4228479.99675,333,0,0,11.7428,11.7428,0.3945166666666667,0.0,8.011,4.6932,1.6662,129.24166666666667,0.25,0.0,1.0,21.87773333333333,packed_rank,0.9739500970624893,0.9615192226447068,0.9819232480139523
lognormal,read_only,packed_rank_flow_forced,3,True,3955567.89693,334,0,0,11.7428,11.7428,0.3945166666666667,0.0,8.011,4.6932,1.6662,128.64726666666667,1.0,0.0,1.0,21.869533333333333,packed_rank,0.9117525487740947,0.8978560331765018,0.9190140421928145
lognormal,read_only,packed_rank_flow_vp10,3,True,4288929.75762,334,0,0,12.541733333333333,12.541733333333333,0.3945166666666667,0.0,8.011,4.0208,1.2714,15190.716666666667,0.25,0.09986666666666667,0.7597633737584769,14988.463733333334,packed_rank,0.9801606701742578,0.9761243858239188,0.9850433662521663
lognormal,read_only,packed_rank_vp05,3,True,4399309.48438,333,0,0,12.1412,12.1412,0.3945166666666667,0.0,8.011,4.4746,1.7444,5250.925,0.0,0.0498,0.9168450155304281,5116.8528,packed_rank,1.0055409096712278,1.001245884444779,1.0103484965660536
lognormal,read_only,packed_rank_vp10,3,True,4397695.95913,292,0,0,12.541733333333333,12.541733333333333,0.3945166666666667,0.0,8.011,4.1888,1.5828,14983.658333333333,0.0,0.09986666666666667,0.8548690531886144,14983.2222,packed_rank,0.9897049202727212,0.949792999192999,1.0197807141152302
lognormal,read_only,packed_rank_vp10_relearn,3,True,4237438.95969,292,0,0,12.541733333333333,12.541733333333333,0.3945166666666667,0.0,8.011,4.1888,1.5828,15041.1444,0.0,0.09986666666666667,0.8548690531886144,14924.708333333334,packed_rank,0.9842002238954826,0.9721388388403921,1.003121427128403
lognormal,read_only,packed_rank_vp30,3,True,4405612.39775,292,0,0,14.1412,14.1412,0.3945166666666667,0.0,8.011,3.5446,1.1802,100003.8806,0.0,0.2998,0.7293207897322169,100656.98326666666,packed_rank,1.0191057088837892,1.002680374583318,1.0327103308590344
lognormal,read_only,raw_rank,3,True,8873775.86262,167,0,0,16.712533333333333,16.712533333333333,1.0157333333333334,0.0,8.011,4.8202,1.9406,58.086133333333336,0.0,0.0,1.0,0.0,packed_rank,2.0453773067158996,2.019596846614178,2.097710930444038
