dataset,profile,variant,runs,all_verified,throughput_ops_s_median,read_hit_p99_ns_median,insert_p99_ns_median,scan_p99_ns_median,initial_bytes_per_key,final_bytes_per_key,key_arena_ratio,rewrite_bytes_per_operation,decode_work_per_operation,fence_probes_per_operation,root_probes_per_operation,root_model_fraction,correction_distance_per_operation,build_ns_per_key,flow_region_fraction,virtual_points_per_key,rank_sse_ratio,preprocess_ns_per_key,fusion_both_fraction,fusion_flow_fraction,fusion_vp_fraction,est_probes_none,est_probes_selected,baseline,paired_throughput_speedup,seed_bootstrap_low,seed_bootstrap_high
covid,read_only,packed_rank_flow_forced_r16384,2,False,2134414.37108,0.0,0.0,0.0,13.7312235,13.7312235,0.6516759375,0.0,8.0179455,4.946305499999999,6.9747795,0.0,1.6141635,34.131093750000005,1.0,0.0,1.0,28.64775075,0.0,1.0,0.0,0.0,0.0,packed_rank_r16384,0.9297540730488054,0.8925608043842221,0.9684971960506629
covid,read_only,packed_rank_flow_forced_r32768,2,False,2047844.1085549998,0.0,0.0,0.0,13.7224395,13.7224395,0.6516759375,0.0,8.0179455,5.7918845,5.9994375,0.0,2.691024,36.02252075,1.0,0.0,1.0,26.43922,0.0,1.0,0.0,0.0,0.0,packed_rank_r16384,0.8857939735543294,0.7698551160803712,1.0191930237211728
covid,read_only,packed_rank_flow_forced_r4096,2,False,2239891.9705149997,0.0,0.0,0.0,13.7839275,13.7839275,0.6516759375,0.0,8.0179455,3.0644004999999996,8.9565995,0.0,0.4692975,33.374552,1.0,0.0,1.0,28.733761,0.0,1.0,0.0,0.0,0.0,packed_rank_r16384,0.9746479466319524,0.9080876882459008,1.0460868836453683
covid,read_only,packed_rank_flow_vp10_r16384,2,False,2196927.1894699996,0.0,0.0,0.0,14.5310275,14.5310275,0.6516759375,0.0,8.0179455,3.1703755,6.9747795,0.0,0.583393,10781.69316675,1.0,0.0999755,0.3300323052719803,161627.02840625,1.0,1.0,1.0,0.0,0.0,packed_rank_r16384,0.9507103903416562,0.8627534258309462,1.047634491202462
covid,read_only,packed_rank_flow_vp10_r32768,2,False,2125273.370615,0.0,0.0,0.0,14.5222435,14.5222435,0.6516759375,0.0,8.0179455,3.5296735000000004,5.9994375,0.0,0.908773,23068.0363125,1.0,0.0999755,0.2859229647228403,334814.7288125,1.0,1.0,1.0,0.0,0.0,packed_rank_r16384,0.9234377636113099,0.8407101349749277,1.0143059632424776
covid,read_only,packed_rank_flow_vp10_r4096,2,False,2213369.32817,0.0,0.0,0.0,14.5795435,14.5795435,0.6516759375,0.0,8.0179455,2.327946,8.9565995,0.0,0.1553235,2769.62544825,1.0,0.099452,0.2893054924479972,41955.76358675,1.0,1.0,1.0,0.0,0.0,packed_rank_r16384,0.9640130923383334,0.9201161591229894,1.0100042619461227
covid,read_only,packed_rank_fusion_auto_r16384,2,False,2357687.15868,0.0,0.0,0.0,14.5310275,14.5310275,0.6516759375,0.0,8.0179455,3.169901,6.9747795,0.0,0.5832090000000001,16517.2129375,0.0,0.0999755,0.3301237595111871,245687.87750225002,0.0,0.0,1.0,11.9043427479,10.1393761777,packed_rank_r16384,1.025899194102915,0.9557445646292239,1.101203392006012
covid,read_only,packed_rank_fusion_auto_r32768,2,False,2178120.360965,0.0,0.0,0.0,14.5222435,14.5222435,0.6516759375,0.0,8.0179455,3.5313295,5.9994375,0.0,0.911063,33854.54891675,0.0,0.0999755,0.28703851641572997,486500.15020699997,0.0,0.0,1.0,13.6656907058,11.4339981899,packed_rank_r16384,0.9466557389230126,0.8650811758525766,1.0359225388908406
covid,read_only,packed_rank_fusion_auto_r4096,2,False,2506527.32154,0.0,0.0,0.0,14.5802875,14.5802875,0.6516759375,0.0,8.0179455,2.328063,8.9565995,0.0,0.155329,4378.054739499999,0.0,0.099545,0.28927031466588893,66006.832402,0.0,0.0,1.0,8.08803297102,7.35148877519,packed_rank_r16384,1.0919559791176574,1.053963803826564,1.1313176562627127
covid,read_only,packed_rank_r16384,2,False,2295607.9158199998,0.0,0.0,0.0,13.7312235,13.7312235,0.6516759375,0.0,8.0179455,4.9462600000000005,6.9747795,0.0,1.6141,30.830948,0.0,0.0,1.0,0.0,0.0,0.0,0.0,0.0,0.0,packed_rank_r16384,1.0,1.0,1.0
covid,read_only,packed_rank_r32768,2,False,2204363.486325,0.0,0.0,0.0,13.7224395,13.7224395,0.6516759375,0.0,8.0179455,5.795137499999999,5.9994375,0.0,2.6958215,30.813906250000002,0.0,0.0,1.0,0.0,0.0,0.0,0.0,0.0,0.0,packed_rank_r16384,0.9590716247807478,0.9272873910976176,0.9919453130607188
covid,read_only,packed_rank_r4096,2,False,2407216.87037,0.0,0.0,0.0,13.7839275,13.7839275,0.6516759375,0.0,8.0179455,3.064452,8.9565995,0.0,0.4693315,30.1914585,0.0,0.0,1.0,0.0,0.0,0.0,0.0,0.0,0.0,packed_rank_r16384,1.0488030385508256,1.0344996250842085,1.0633042168419395
covid,read_only,packed_rank_vp10_r16384,2,False,2550671.031195,0.0,0.0,0.0,14.5310275,14.5310275,0.6516759375,0.0,8.0179455,3.169901,6.9747795,0.0,0.5832090000000001,5920.7171355,0.0,0.0999755,0.3301237595111871,84761.67254,0.0,0.0,1.0,0.0,0.0,packed_rank_r16384,1.1113243163577362,1.0891810237672348,1.1339177870141872
covid,read_only,packed_rank_vp10_r32768,2,False,2342459.65773,0.0,0.0,0.0,14.5222435,14.5222435,0.6516759375,0.0,8.0179455,3.5313295,5.9994375,0.0,0.911063,10055.795197750002,0.0,0.0999755,0.28703851641572997,139793.129063,0.0,0.0,1.0,0.0,0.0,packed_rank_r16384,1.0206056603953686,1.00231786331965,1.0392271275912375
covid,read_only,packed_rank_vp10_r4096,2,False,2508460.8398399996,0.0,0.0,0.0,14.5802875,14.5802875,0.6516759375,0.0,8.0179455,2.328063,8.9565995,0.0,0.155329,1736.1392190000001,0.0,0.099545,0.28927031466588893,25381.475606250002,0.0,0.0,1.0,0.0,0.0,packed_rank_r16384,1.0895677629770462,1.0272482015470996,1.1556680345907357
fb,read_only,packed_rank_flow_forced_r16384,2,False,2652253.783445,0.0,0.0,0.0,11.3360965,11.3360965,0.3522850625,0.0,8.048834,3.2104445,6.9747795,0.0,0.5044325000000001,32.57421875,1.0,0.0,1.0,28.182063749999998,0.0,1.0,0.0,0.0,0.0,packed_rank_r16384,0.9736383056927733,0.9216593618985573,1.0285487127907382
fb,read_only,packed_rank_flow_forced_r32768,2,False,2523148.8035549996,0.0,0.0,0.0,11.3273125,11.3273125,0.3522850625,0.0,8.048834,3.6888015,5.9994375,0.0,0.734145,32.15469775,1.0,0.0,1.0,28.16613625,0.0,1.0,0.0,0.0,0.0,packed_rank_r16384,0.9264525725676995,0.8918968878541913,0.9623470839575652
fb,read_only,packed_rank_flow_forced_r4096,2,False,2722718.405325,0.0,0.0,0.0,11.3888005,11.3888005,0.3522850625,0.0,8.048834,2.6009985,8.9565995,0.0,0.2574555,33.47553125,1.0,0.0,1.0,30.207071,0.0,1.0,0.0,0.0,0.0,packed_rank_r16384,0.998134938063831,0.9747822675522869,1.0220470639924193
fb,read_only,packed_rank_flow_vp10_r16384,2,False,2560034.9634100003,0.0,0.0,0.0,12.1359005,12.1359005,0.3522850625,0.0,8.048834,2.237547,6.9747795,0.0,0.1004465,11382.634239750001,1.0,0.0999755,0.05543982021201504,172464.722193,1.0,1.0,1.0,0.0,0.0,packed_rank_r16384,0.9381828491025896,0.8527783779233459,1.0321404495428828
fb,read_only,packed_rank_flow_vp10_r32768,2,False,2440806.1942,0.0,0.0,0.0,12.1271165,12.1271165,0.3522850625,0.0,8.048834,2.25094,5.9994375,0.0,0.104153,23469.0410935,1.0,0.0999755,0.029227071082239615,354053.77507275,1.0,1.0,1.0,0.0,0.0,packed_rank_r16384,0.8957778372637963,0.8395629518577381,0.9557567207526949
fb,read_only,packed_rank_flow_vp10_r4096,2,False,2767397.6688550003,0.0,0.0,0.0,12.1876285,12.1876285,0.3522850625,0.0,8.048834,2.1815865,8.9565995,0.0,0.08773900000000001,2752.4351562499996,1.0,0.0998535,0.1546186686573169,42460.407166749996,1.0,1.0,1.0,0.0,0.0,packed_rank_r16384,1.0159253861038564,1.0036837139445045,1.028316366790561
fb,read_only,packed_rank_fusion_auto_r16384,2,False,2801805.33183,0.0,0.0,0.0,12.1359005,12.1359005,0.3522850625,0.0,8.048834,2.237285,6.9747795,0.0,0.100324,17040.24180225,0.0,0.0999755,0.05538331736616584,258560.64390725002,0.0,0.0,1.0,10.1806812097,9.21328423835,packed_rank_r16384,1.0284782398300711,0.9711020444422459,1.089244426842384
fb,read_only,packed_rank_fusion_auto_r32768,2,False,2689214.74357,0.0,0.0,0.0,12.1271165,12.1271165,0.3522850625,0.0,8.048834,2.251009,5.9994375,0.0,0.1041165,36416.944426999995,0.0,0.0999755,0.02911846603000247,548218.94898875,0.0,0.0,1.0,11.6000731,10.1758971402,packed_rank_r16384,0.9870640733370559,0.9289221267726455,1.048845168817042
fb,read_only,packed_rank_fusion_auto_r4096,2,False,2864508.2559350003,0.0,0.0,0.0,12.1876285,12.1876285,0.3522850625,0.0,8.048834,2.1815945,8.9565995,0.0,0.0877125,3957.09577075,0.0,0.0998535,0.15444728410220257,61010.08481225,0.0,0.0,1.0,7.62674837084,7.20797364058,packed_rank_r16384,1.0510908259081062,0.9800595882067445,1.127270155409293
fb,read_only,packed_rank_r16384,2,False,2724908.82108,0.0,0.0,0.0,11.3360965,11.3360965,0.3522850625,0.0,8.048834,3.2094424999999998,6.9747795,0.0,0.504193,28.952396,0.0,0.0,1.0,0.0,0.0,0.0,0.0,0.0,0.0,packed_rank_r16384,1.0,1.0,1.0
fb,read_only,packed_rank_r32768,2,False,2491191.4174499996,0.0,0.0,0.0,11.3273125,11.3273125,0.3522850625,0.0,8.048834,3.6922465,5.9994375,0.0,0.7355745,29.78716675,0.0,0.0,1.0,0.0,0.0,0.0,0.0,0.0,0.0,packed_rank_r16384,0.9147291238669872,0.8841119669428484,0.9464065653853486
fb,read_only,packed_rank_r4096,2,False,2895329.90254,0.0,0.0,0.0,11.3888005,11.3888005,0.3522850625,0.0,8.048834,2.6009625,8.9565995,0.0,0.25747,28.890437499999997,0.0,0.0,1.0,0.0,0.0,0.0,0.0,0.0,0.0,packed_rank_r16384,1.0630912328640256,1.0365273737387022,1.0903358637948104
fb,read_only,packed_rank_vp10_r16384,2,False,2827735.59282,0.0,0.0,0.0,12.1359005,12.1359005,0.3522850625,0.0,8.048834,2.237285,6.9747795,0.0,0.100324,6052.48225,0.0,0.0999755,0.05538331736616584,90528.30898875,0.0,0.0,1.0,0.0,0.0,packed_rank_r16384,1.035621146201249,0.932356623313732,1.1503228825117657
fb,read_only,packed_rank_vp10_r32768,2,False,2826742.619725,0.0,0.0,0.0,12.1271165,12.1271165,0.3522850625,0.0,8.048834,2.251009,5.9994375,0.0,0.1041165,13978.97540625,0.0,0.0999755,0.02911846603000247,207675.92051875,0.0,0.0,1.0,0.0,0.0,packed_rank_r16384,1.0346662609780086,0.9244843673104354,1.1579798528348015
fb,read_only,packed_rank_vp10_r4096,2,False,2920125.995215,0.0,0.0,0.0,12.1876285,12.1876285,0.3522850625,0.0,8.048834,2.1815945,8.9565995,0.0,0.0877125,1181.2686147499999,0.0,0.0998535,0.15444728410220257,17991.499912,0.0,0.0,1.0,0.0,0.0,packed_rank_r16384,1.0707927000306339,0.9836801024541562,1.16561980218801
genome,read_only,packed_rank_flow_forced_r16384,2,False,2463721.202595,0.0,0.0,0.0,11.50386,11.50386,0.3732555,0.0,8.1302685,5.74602,6.9747795,0.0,2.8769145,34.03435425,1.0,0.0,1.0,28.49014425,0.0,1.0,0.0,0.0,0.0,packed_rank_r16384,0.9831546581037673,0.9561780054244183,1.01089240315886
genome,read_only,packed_rank_flow_forced_r32768,2,False,2388289.0311249997,0.0,0.0,0.0,11.495076,11.495076,0.3732555,0.0,8.1302685,7.378610500000001,5.9994375,0.0,6.031855,34.59725,1.0,0.0,1.0,27.1392305,0.0,1.0,0.0,0.0,0.0,packed_rank_r16384,0.9534427770292035,0.944619598726598,0.9623483678452319
genome,read_only,packed_rank_flow_forced_r4096,2,False,2838282.1289299997,0.0,0.0,0.0,11.556564,11.556564,0.3732555,0.0,8.1302685,3.295426,8.9565995,0.0,0.6247265,33.367625000000004,1.0,0.0,1.0,29.455321249999997,0.0,1.0,0.0,0.0,0.0,packed_rank_r16384,1.133123787590063,1.1258331720319381,1.1404616153609177
genome,read_only,packed_rank_flow_vp10_r16384,2,False,2437144.0566600002,0.0,0.0,0.0,12.303664,12.303664,0.3732555,0.0,8.1302685,4.042509,6.9747795,0.0,1.5380354999999999,10226.8942915,1.0,0.0999755,0.5484042737344698,149915.2151185,1.0,1.0,1.0,0.0,0.0,packed_rank_r16384,0.9686946515301136,0.8782350003567155,1.0684717957288286
genome,read_only,packed_rank_flow_vp10_r32768,2,False,2187028.888685,0.0,0.0,0.0,12.29488,12.29488,0.3732555,0.0,8.1302685,5.1696305,5.9994375,0.0,3.2106135,20946.197802000002,1.0,0.0999755,0.4991372843407381,303584.57576075,1.0,1.0,1.0,0.0,0.0,packed_rank_r16384,0.8730148970713494,0.8598203045248025,0.8864119706148594
genome,read_only,packed_rank_flow_vp10_r4096,2,False,2507739.2242050003,0.0,0.0,0.0,12.355392,12.355392,0.3732555,0.0,8.1302685,2.6100125,8.9565995,0.0,0.3191035,2616.80257275,1.0,0.0998535,0.5984879313280078,39813.073105250005,1.0,1.0,1.0,0.0,0.0,packed_rank_r16384,1.0011820949517412,0.9970638455119543,1.0053173543137357
genome,read_only,packed_rank_fusion_auto_r16384,2,False,2655828.76349,0.0,0.0,0.0,12.303664,12.303664,0.3732555,0.0,8.1302685,4.042609000000001,6.9747795,0.0,1.538106,15794.5561045,0.0,0.0999755,0.5483736509931699,233050.23283524998,0.0,0.0,1.0,12.7064626361,11.0101440761,packed_rank_r16384,1.059205460074621,1.0078537656234965,1.1131736020828675
genome,read_only,packed_rank_fusion_auto_r32768,2,False,2548597.1218450004,0.0,0.0,0.0,12.29488,12.29488,0.3732555,0.0,8.1302685,5.1708055,5.9994375,0.0,3.2121180000000003,31607.20152075,0.0,0.0999755,0.49924280255878273,442330.92976800003,0.0,0.0,1.0,15.2383866942,13.0579623971,packed_rank_r16384,1.0169251353409385,0.979192744213616,1.056111513284032
genome,read_only,packed_rank_fusion_auto_r4096,2,False,2733047.57835,0.0,0.0,0.0,12.353756,12.353756,0.3732555,0.0,8.1302685,2.609667,8.9565995,0.0,0.31924399999999997,4039.27121875,0.0,0.099649,0.6007152904319976,61498.66609425,0.0,0.0,0.9979550102249489,8.32145970021,7.63528669132,packed_rank_r16384,1.0908127429730072,1.067163957969873,1.1149855946183362
genome,read_only,packed_rank_r16384,2,False,2504720.896855,0.0,0.0,0.0,11.50386,11.50386,0.3732555,0.0,8.1302685,5.7462105,6.9747795,0.0,2.8771645,30.1856145,0.0,0.0,1.0,0.0,0.0,0.0,0.0,0.0,0.0,packed_rank_r16384,1.0,1.0,1.0
genome,read_only,packed_rank_r32768,2,False,2466398.521575,0.0,0.0,0.0,11.495076,11.495076,0.3732555,0.0,8.1302685,7.3794059999999995,5.9994375,0.0,6.033623,31.03526025,0.0,0.0,1.0,0.0,0.0,0.0,0.0,0.0,0.0,packed_rank_r16384,0.9838787478702337,0.9476652675302405,1.0214760672125285
genome,read_only,packed_rank_r4096,2,False,2825102.29791,0.0,0.0,0.0,11.556564,11.556564,0.3732555,0.0,8.1302685,3.2954665,8.9565995,0.0,0.6247525,29.0962915,0.0,0.0,1.0,0.0,0.0,0.0,0.0,0.0,0.0,packed_rank_r16384,1.1273956910090135,1.0897743495682026,1.1663158016237978
genome,read_only,packed_rank_vp10_r16384,2,False,2683115.26855,0.0,0.0,0.0,12.303664,12.303664,0.3732555,0.0,8.1302685,4.042609000000001,6.9747795,0.0,1.538106,5946.06258325,0.0,0.0999755,0.5483736509931699,83538.92386425001,0.0,0.0,1.0,0.0,0.0,packed_rank_r16384,1.0695048081451197,1.0069280448078965,1.1359704802578552
genome,read_only,packed_rank_vp10_r32768,2,False,2496178.78614,0.0,0.0,0.0,12.29488,12.29488,0.3732555,0.0,8.1302685,5.1708055,5.9994375,0.0,3.2121180000000003,11413.838177000001,0.0,0.0999755,0.49924280255878273,141452.97798124998,0.0,0.0,1.0,0.0,0.0,packed_rank_r16384,0.9964136891174848,0.9741309655287554,1.0192061180621694
genome,read_only,packed_rank_vp10_r4096,2,False,2859262.97061,0.0,0.0,0.0,12.355392,12.355392,0.3732555,0.0,8.1302685,2.609692,8.9565995,0.0,0.3190445,1510.5241565000001,0.0,0.0998535,0.5984885193074523,22119.61492975,0.0,0.0,1.0,0.0,0.0,packed_rank_r16384,1.1412018089987177,1.1092080648757268,1.1741183733710565
osm,read_only,packed_rank_flow_forced_r16384,2,False,2004214.97598,0.0,0.0,0.0,14.19693,14.19693,0.70988925,0.0,9.408314,8.335515000000001,6.9747795,0.0,8.8042625,34.09211475,1.0,0.0,1.0,30.53981325,0.0,1.0,0.0,0.0,0.0,packed_rank_r16384,0.9320267627831323,0.9295307819173781,0.9345294458696235
osm,read_only,packed_rank_flow_forced_r32768,2,False,1902313.0884250002,0.0,0.0,0.0,14.188146,14.188146,0.70988925,0.0,9.408314,10.118849999999998,5.9994375,0.0,18.171279499999997,35.671271,1.0,0.0,1.0,27.86945025,0.0,1.0,0.0,0.0,0.0,packed_rank_r16384,0.8793303086831232,0.8033630070472279,0.9624812008841986
osm,read_only,packed_rank_flow_forced_r4096,2,False,1913937.419235,0.0,0.0,0.0,14.249634,14.249634,0.70988925,0.0,9.408314,5.0777304999999995,8.9565995,0.0,1.9711224999999999,35.0090835,1.0,0.0,1.0,29.3958035,0.0,1.0,0.0,0.0,0.0,packed_rank_r16384,0.8882383715787532,0.8111616535974182,0.9726389323828193
osm,read_only,packed_rank_flow_vp10_r16384,2,False,2028583.34388,0.0,0.0,0.0,14.996734,14.996734,0.70988925,0.0,9.408314,7.627497,6.9747795,0.0,7.641576000000001,9512.06259375,1.0,0.0999755,0.8566022622295921,134474.615739,1.0,1.0,1.0,0.0,0.0,packed_rank_r16384,0.9419605602545502,0.9071572101719291,0.9780991509805698
osm,read_only,packed_rank_flow_vp10_r32768,2,False,1947019.5665850001,0.0,0.0,0.0,14.98795,14.98795,0.70988925,0.0,9.408314,9.3861125,5.9994375,0.0,15.997625,17739.83785425,1.0,0.0999755,0.8623923201830642,250643.03068725002,1.0,1.0,1.0,0.0,0.0,packed_rank_r16384,0.9047157247253258,0.8442295273267968,0.9695355541010713
osm,read_only,packed_rank_flow_vp10_r4096,2,False,2183049.425125,0.0,0.0,0.0,15.047218,15.047218,0.70988925,0.0,9.408314,4.6456815,8.9565995,0.0,1.6830165,2386.416771,1.0,0.099698,0.8393386223499092,36642.04227575,1.0,1.0,1.0,0.0,0.0,packed_rank_r16384,1.0155056203278205,0.9948964860161372,1.0365416698241958
osm,read_only,packed_rank_fusion_auto_r16384,2,False,2121466.45055,0.0,0.0,0.0,14.98363,14.98363,0.70988925,0.0,9.408314,7.624909,6.9747795,0.0,7.6495370000000005,13136.33059375,0.0,0.0983375,0.8599953041042753,187594.42011775,0.0,0.0,0.983739837398374,15.2895163215,14.5782958102,packed_rank_r16384,0.9856451210229251,0.9172311936720797,1.0591618681294188
osm,read_only,packed_rank_fusion_auto_r32768,2,False,2224017.303365,0.0,0.0,0.0,14.948638,14.948638,0.70988925,0.0,9.408314,9.376002,5.9994375,0.0,16.033687,24405.9320105,0.0,0.0950615,0.8700543668274828,346395.23733625,0.0,0.0,0.9516129032258065,17.9642221321,17.2233219489,packed_rank_r16384,1.0344988191405944,1.0231709555379325,1.0459520972628007
osm,read_only,packed_rank_fusion_auto_r4096,2,False,2330181.79815,0.0,0.0,0.0,15.017378,15.017378,0.70988925,0.0,9.408314,4.6410105,8.9565995,0.0,1.684113,3371.75901025,0.0,0.095968,0.847564000025949,51730.4907635,0.0,0.0,0.9611451942740287,10.096877341,9.65748296286,packed_rank_r16384,1.0816475681020488,0.9910014570660346,1.1805850064488017
osm,read_only,packed_rank_r16384,2,False,2150247.27793,0.0,0.0,0.0,14.19693,14.19693,0.70988925,0.0,9.408314,8.3360545,6.9747795,0.0,8.8036775,29.66366675,0.0,0.0,1.0,0.0,0.0,0.0,0.0,0.0,0.0,packed_rank_r16384,1.0,1.0,1.0
osm,read_only,packed_rank_r32768,2,False,2071192.297045,0.0,0.0,0.0,14.188146,14.188146,0.70988925,0.0,9.408314,10.120012,5.9994375,0.0,18.1748265,31.427427,0.0,0.0,1.0,0.0,0.0,0.0,0.0,0.0,0.0,packed_rank_r16384,0.9631252849212644,0.9168986634565156,1.0116824807637634
osm,read_only,packed_rank_r4096,2,False,2221624.748965,0.0,0.0,0.0,14.249634,14.249634,0.70988925,0.0,9.408314,5.0779835,8.9565995,0.0,1.971091,31.193687500000003,0.0,0.0,1.0,0.0,0.0,0.0,0.0,0.0,0.0,packed_rank_r16384,1.0288063887581589,0.9566619925619995,1.1063913835596517
osm,read_only,packed_rank_vp10_r16384,2,False,2015732.7654,0.0,0.0,0.0,14.996734,14.996734,0.70988925,0.0,9.408314,7.62468,6.9747795,0.0,7.639964,3710.89840625,0.0,0.0999755,0.8569043356430949,51997.2205405,0.0,0.0,1.0,0.0,0.0,packed_rank_r16384,0.9368220426186132,0.8778992309508882,0.9996996336191208
osm,read_only,packed_rank_vp10_r32768,2,False,2011512.6624850002,0.0,0.0,0.0,14.98795,14.98795,0.70988925,0.0,9.408314,9.3841695,5.9994375,0.0,16.000125,7298.198426999999,0.0,0.0999755,0.8624689664219306,100400.347385,0.0,0.0,1.0,0.0,0.0,packed_rank_r16384,0.9296928832942717,0.8114598931920235,1.0651528984975747
osm,read_only,packed_rank_vp10_r4096,2,False,2369469.2300850004,0.0,0.0,0.0,15.048462,15.048462,0.70988925,0.0,9.408314,4.642968,8.9565995,0.0,1.681893,901.5430105,0.0,0.0998535,0.8402987548631125,13224.3900115,0.0,0.0,1.0,0.0,0.0,packed_rank_r16384,1.102132747990382,1.0639330297256084,1.1417039985177495
planet,read_only,packed_rank_flow_forced_r16384,2,False,2667704.68787,0.0,0.0,0.0,10.732709,10.732709,0.276861625,0.0,8.600403499999999,5.011944,6.9747795,0.0,1.9489420000000002,32.31035425,1.0,0.0,1.0,27.834592,0.0,1.0,0.0,0.0,0.0,packed_rank_r16384,0.9430274483803873,0.9218572661973886,0.9646837975982353
planet,read_only,packed_rank_flow_forced_r32768,2,False,2393025.45488,0.0,0.0,0.0,10.723925,10.723925,0.276861625,0.0,8.600403499999999,6.682088500000001,5.9994375,0.0,4.172097000000001,32.15216675,1.0,0.0,1.0,26.85108275,0.0,1.0,0.0,0.0,0.0,packed_rank_r16384,0.8453059403070241,0.8116527669339205,0.8803544592320913
planet,read_only,packed_rank_flow_forced_r4096,2,False,2803994.896105,0.0,0.0,0.0,10.785413,10.785413,0.276861625,0.0,8.600403499999999,3.229342,8.9565995,0.0,0.5613790000000001,32.0321875,1.0,0.0,1.0,29.698506000000002,0.0,1.0,0.0,0.0,0.0,packed_rank_r16384,0.9911641820229743,0.9676762726734947,1.0152222013371068
planet,read_only,packed_rank_flow_vp10_r16384,2,False,2712811.287285,0.0,0.0,0.0,11.529333,11.529333,0.276861625,0.0,8.600403499999999,3.4001865000000002,6.9747795,0.0,0.940601,10812.915052,1.0,0.099578,0.618240735181361,159723.24286524998,1.0,1.0,1.0,0.0,0.0,packed_rank_r16384,0.9564006588763994,0.8744756129093858,1.0460008338665854
planet,read_only,packed_rank_flow_vp10_r32768,2,False,2553721.029795,0.0,0.0,0.0,11.523729,11.523729,0.276861625,0.0,8.600403499999999,4.173457,5.9994375,0.0,1.9019325,21630.348625,1.0,0.0999755,0.5822321586420571,309139.38326025,1.0,1.0,1.0,0.0,0.0,packed_rank_r16384,0.9031987049332272,0.892331199856335,0.9141985629600278
planet,read_only,packed_rank_flow_vp10_r4096,2,False,2857467.826685,0.0,0.0,0.0,11.584209,11.584209,0.276861625,0.0,8.600403499999999,2.6035625,8.9565995,0.0,0.290063,2641.4996355000003,1.0,0.0998495,0.5451842274072085,39930.916725,1.0,1.0,1.0,0.0,0.0,packed_rank_r16384,1.0105722736645875,1.0092299281894468,1.011916404551877
planet,read_only,packed_rank_fusion_auto_r16384,2,False,2723481.372955,0.0,0.0,0.0,11.529405,11.529405,0.276861625,0.0,8.600403499999999,3.3990145,6.9747795,0.0,0.9426475000000001,15866.6843855,0.0,0.099587,0.6212338230873835,228109.6295715,0.0,0.0,1.0,11.9717182273,10.3786037759,packed_rank_r16384,0.9623049688967211,0.9120681742081072,1.0153088106240908
planet,read_only,packed_rank_fusion_auto_r32768,2,False,2824845.064165,0.0,0.0,0.0,11.523729,11.523729,0.276861625,0.0,8.600403499999999,4.145455500000001,5.9994375,0.0,1.857626,31766.4744375,0.0,0.0999755,0.5917011840452648,446283.28498899995,0.0,0.0,1.0,14.5205183132,12.0635262219,packed_rank_r16384,0.9988997098573651,0.9701996876327573,1.0284487235691817
planet,read_only,packed_rank_fusion_auto_r4096,2,False,2809309.20687,0.0,0.0,0.0,11.584133,11.584133,0.276861625,0.0,8.600403499999999,2.6027765,8.9565995,0.0,0.2898715,3911.11379175,0.0,0.09984,0.5452861624822042,59221.33392875,0.0,0.0,1.0,8.25582575782,7.63087490769,packed_rank_r16384,0.9935862560043569,0.9891068305187263,0.9980859677240548
planet,read_only,packed_rank_r16384,2,False,2827535.847995,0.0,0.0,0.0,10.732709,10.732709,0.276861625,0.0,8.600403499999999,4.995972,6.9747795,0.0,1.9426685,28.3498125,0.0,0.0,1.0,0.0,0.0,0.0,0.0,0.0,0.0,packed_rank_r16384,1.0,1.0,1.0
planet,read_only,packed_rank_r32768,2,False,2580994.75545,0.0,0.0,0.0,10.723925,10.723925,0.276861625,0.0,8.600403499999999,6.6314545,5.9994375,0.0,4.08975,29.92197925,0.0,0.0,1.0,0.0,0.0,0.0,0.0,0.0,0.0,packed_rank_r16384,0.9121461598176079,0.8854047073803444,0.9396952714783811
planet,read_only,packed_rank_r4096,2,False,3004639.2615050003,0.0,0.0,0.0,10.785413,10.785413,0.276861625,0.0,8.600403499999999,3.22864,8.9565995,0.0,0.561262,27.02009375,0.0,0.0,1.0,0.0,0.0,0.0,0.0,0.0,0.0,packed_rank_r16384,1.062630082195436,1.0620986585179755,1.0631617717720414
planet,read_only,packed_rank_vp10_r16384,2,False,2801027.53596,0.0,0.0,0.0,11.529405,11.529405,0.276861625,0.0,8.600403499999999,3.3990145,6.9747795,0.0,0.9426475000000001,5399.1404165,0.0,0.099587,0.6212338230873835,71963.8471035,0.0,0.0,1.0,0.0,0.0,packed_rank_r16384,0.9903343739181837,0.955812301887732,1.0261033157105353
planet,read_only,packed_rank_vp10_r32768,2,False,2575729.456645,0.0,0.0,0.0,11.523729,11.523729,0.276861625,0.0,8.600403499999999,4.145455500000001,5.9994375,0.0,1.857626,10170.918406,0.0,0.0999755,0.5917011840452648,137452.74049075,0.0,0.0,1.0,0.0,0.0,packed_rank_r16384,0.9084686352019937,0.8353615521403982,0.9879737211164626
planet,read_only,packed_rank_vp10_r4096,2,False,2987683.06739,0.0,0.0,0.0,11.584133,11.584133,0.276861625,0.0,8.600403499999999,2.6027765,8.9565995,0.0,0.2898715,1231.48942725,0.0,0.09984,0.5452861624822042,18102.260641499997,0.0,0.0,1.0,0.0,0.0,packed_rank_r16384,1.055510815951427,1.01644919785183,1.0960735518754892
