id,read_ratio,insert_ratio,update_ratio,scan_ratio,delete_ratio,key_path,index_type,throughput,init_table_size,memory_consumption,thread_num,min,50 percentile,90 percentile,99 percentile,99.9 percentile,99.99 percentile,max,avg,seed,scan_num,latency_variance,latency_sample,data_shift,pgm,error_bound,table_size
20261006043618,1,0,0,0,0,/Users/louisvasseur/Downloads/scaleli_sota/experimental/scaleli/data/external/gre/fb,sortedarray,997592,200000000,3200000000,1,0,0,0,0,0,0,0,0,1866,100,0,0,0,0,64,200000000
20261006043727,1,0,0,0,0,/Users/louisvasseur/Downloads/scaleli_sota/experimental/scaleli/data/external/gre/fb,pgm,3736564,200000000,3235020216,1,0,0,0,0,0,0,0,0,1866,100,0,0,0,0,64,200000000
20261006043836,1,0,0,0,0,/Users/louisvasseur/Downloads/scaleli_sota/experimental/scaleli/data/external/gre/fb,lipp,6526659,200000000,24101427742,1,0,0,0,0,0,0,0,0,1866,100,0,0,0,0,64,200000000
20261006044015,1,0,0,0,0,/Users/louisvasseur/Downloads/scaleli_sota/experimental/scaleli/data/external/gre/fb,btree,1840225,200000000,0,1,0,0,0,0,0,0,0,0,1866,100,0,0,0,0,64,200000000
20261006044220,1,0,0,0,0,/Users/louisvasseur/Downloads/scaleli_sota/experimental/scaleli/data/external/gre/fb,alex,2230865,200000000,4680024424,1,0,0,0,0,0,0,0,0,1866,100,0,0,0,0,64,200000000
20261006052230,1,0,0,0,0,/Users/louisvasseur/Downloads/scaleli_sota/experimental/scaleli/data/external/gre/osm,sortedarray,782017,200000000,3200000000,1,0,0,0,0,0,0,0,0,1866,100,0,0,0,0,64,200000000
20261006052340,1,0,0,0,0,/Users/louisvasseur/Downloads/scaleli_sota/experimental/scaleli/data/external/gre/osm,pgm,3625336,200000000,3222235480,1,0,0,0,0,0,0,0,0,1866,100,0,0,0,0,64,200000000
20261006052814,1,0,0,0,0,/Users/louisvasseur/Downloads/scaleli_sota/experimental/scaleli/data/external/gre/osm,btree,1444005,200000000,0,1,0,0,0,0,0,0,0,0,1866,100,0,0,0,0,64,200000000
20261006053004,1,0,0,0,0,/Users/louisvasseur/Downloads/scaleli_sota/experimental/scaleli/data/external/gre/osm,alex,3054616,200000000,4682247256,1,0,0,0,0,0,0,0,0,1866,100,0,0,0,0,64,200000000
20261006053221,1,0,0,0,0,/Users/louisvasseur/Downloads/scaleli_sota/experimental/scaleli/data/external/gre/books,sortedarray,1149074,200000000,3200000000,1,0,0,0,0,0,0,0,0,1866,100,0,0,0,0,64,200000000
20261006053326,1,0,0,0,0,/Users/louisvasseur/Downloads/scaleli_sota/experimental/scaleli/data/external/gre/books,pgm,4451815,200000000,3212335160,1,0,0,0,0,0,0,0,0,1866,100,0,0,0,0,64,200000000
20261006053657,1,0,0,0,0,/Users/louisvasseur/Downloads/scaleli_sota/experimental/scaleli/data/external/gre/books,btree,1551043,200000000,0,1,0,0,0,0,0,0,0,0,1866,100,0,0,0,0,64,200000000
20261006053820,1,0,0,0,0,/Users/louisvasseur/Downloads/scaleli_sota/experimental/scaleli/data/external/gre/books,alex,6219037,200000000,4607459616,1,0,0,0,0,0,0,0,0,1866,100,0,0,0,0,64,200000000
20261006054126,1,0,0,0,0,/Users/louisvasseur/Downloads/scaleli_sota/experimental/scaleli/data/external/gre/stack.sorted,sortedarray,808485,200000000,3200000000,1,0,0,0,0,0,0,0,0,1866,100,0,0,0,0,64,200000000
20261006054230,1,0,0,0,0,/Users/louisvasseur/Downloads/scaleli_sota/experimental/scaleli/data/external/gre/stack.sorted,pgm,4675855,200000000,3200870424,1,0,0,0,0,0,0,0,0,1866,100,0,0,0,0,64,200000000
20261006054317,1,0,0,0,0,/Users/louisvasseur/Downloads/scaleli_sota/experimental/scaleli/data/external/gre/stack.sorted,lipp,22743500,200000000,6400000074,1,0,0,0,0,0,0,0,0,1866,100,0,0,0,0,64,200000000
20261006054507,1,0,0,0,0,/Users/louisvasseur/Downloads/scaleli_sota/experimental/scaleli/data/external/gre/stack.sorted,btree,1776991,200000000,0,1,0,0,0,0,0,0,0,0,1866,100,0,0,0,0,64,200000000
20261006054618,1,0,0,0,0,/Users/louisvasseur/Downloads/scaleli_sota/experimental/scaleli/data/external/gre/stack.sorted,alex,9761242,200000000,4608189448,1,0,0,0,0,0,0,0,0,1866,100,0,0,0,0,64,200000000
20261006054855,1,0,0,0,0,/Users/louisvasseur/Downloads/scaleli_sota/experimental/scaleli/data/external/gre/fb,sortedarray,922209,200000000,3200000000,1,0,0,0,0,0,0,0,0,1866,100,0,0,0,0,64,200000000
20261006055017,1,0,0,0,0,/Users/louisvasseur/Downloads/scaleli_sota/experimental/scaleli/data/external/gre/fb,pgm,2918278,200000000,3235020216,1,0,0,0,0,0,0,0,0,1866,100,0,0,0,0,64,200000000
20261006055128,1,0,0,0,0,/Users/louisvasseur/Downloads/scaleli_sota/experimental/scaleli/data/external/gre/fb,lipp,6358307,200000000,24101427742,1,0,0,0,0,0,0,0,0,1866,100,0,0,0,0,64,200000000
20261006055347,1,0,0,0,0,/Users/louisvasseur/Downloads/scaleli_sota/experimental/scaleli/data/external/gre/fb,btree,1210282,200000000,0,1,0,0,0,0,0,0,0,0,1866,100,0,0,0,0,64,200000000
20261006055609,1,0,0,0,0,/Users/louisvasseur/Downloads/scaleli_sota/experimental/scaleli/data/external/gre/fb,alex,1853786,200000000,4680024424,1,0,0,0,0,0,0,0,0,1866,100,0,0,0,0,64,200000000
20261006055922,1,0,0,0,0,/Users/louisvasseur/Downloads/scaleli_sota/experimental/scaleli/data/external/gre/osm,sortedarray,775171,200000000,3200000000,1,0,0,0,0,0,0,0,0,1866,100,0,0,0,0,64,200000000
20261006060048,1,0,0,0,0,/Users/louisvasseur/Downloads/scaleli_sota/experimental/scaleli/data/external/gre/osm,pgm,2641539,200000000,3222235480,1,0,0,0,0,0,0,0,0,1866,100,0,0,0,0,64,200000000
20261006060540,1,0,0,0,0,/Users/louisvasseur/Downloads/scaleli_sota/experimental/scaleli/data/external/gre/osm,btree,1225450,200000000,0,1,0,0,0,0,0,0,0,0,1866,100,0,0,0,0,64,200000000
20261006060749,1,0,0,0,0,/Users/louisvasseur/Downloads/scaleli_sota/experimental/scaleli/data/external/gre/osm,alex,2213462,200000000,4682247256,1,0,0,0,0,0,0,0,0,1866,100,0,0,0,0,64,200000000
20261006061059,1,0,0,0,0,/Users/louisvasseur/Downloads/scaleli_sota/experimental/scaleli/data/external/gre/books,sortedarray,778943,200000000,3200000000,1,0,0,0,0,0,0,0,0,1866,100,0,0,0,0,64,200000000
20261006061211,1,0,0,0,0,/Users/louisvasseur/Downloads/scaleli_sota/experimental/scaleli/data/external/gre/books,pgm,3875250,200000000,3212335160,1,0,0,0,0,0,0,0,0,1866,100,0,0,0,0,64,200000000
20261006061601,1,0,0,0,0,/Users/louisvasseur/Downloads/scaleli_sota/experimental/scaleli/data/external/gre/books,btree,1212983,200000000,0,1,0,0,0,0,0,0,0,0,1866,100,0,0,0,0,64,200000000
20261006061724,1,0,0,0,0,/Users/louisvasseur/Downloads/scaleli_sota/experimental/scaleli/data/external/gre/books,alex,6439805,200000000,4607459616,1,0,0,0,0,0,0,0,0,1866,100,0,0,0,0,64,200000000
20261006062036,1,0,0,0,0,/Users/louisvasseur/Downloads/scaleli_sota/experimental/scaleli/data/external/gre/stack.sorted,sortedarray,776631,200000000,3200000000,1,0,0,0,0,0,0,0,0,1866,100,0,0,0,0,64,200000000
20261006062142,1,0,0,0,0,/Users/louisvasseur/Downloads/scaleli_sota/experimental/scaleli/data/external/gre/stack.sorted,pgm,4673912,200000000,3200870424,1,0,0,0,0,0,0,0,0,1866,100,0,0,0,0,64,200000000
20261006062228,1,0,0,0,0,/Users/louisvasseur/Downloads/scaleli_sota/experimental/scaleli/data/external/gre/stack.sorted,lipp,24606257,200000000,6400000074,1,0,0,0,0,0,0,0,0,1866,100,0,0,0,0,64,200000000
20261006062443,1,0,0,0,0,/Users/louisvasseur/Downloads/scaleli_sota/experimental/scaleli/data/external/gre/stack.sorted,btree,1253392,200000000,0,1,0,0,0,0,0,0,0,0,1866,100,0,0,0,0,64,200000000
20261006062559,1,0,0,0,0,/Users/louisvasseur/Downloads/scaleli_sota/experimental/scaleli/data/external/gre/stack.sorted,alex,8215806,200000000,4608189448,1,0,0,0,0,0,0,0,0,1866,100,0,0,0,0,64,200000000
20261006062910,1,0,0,0,0,/Users/louisvasseur/Downloads/scaleli_sota/experimental/scaleli/data/external/gre/fb,sortedarray,783015,200000000,3200000000,1,0,0,0,0,0,0,0,0,1866,100,0,0,0,0,64,200000000
20261006063033,1,0,0,0,0,/Users/louisvasseur/Downloads/scaleli_sota/experimental/scaleli/data/external/gre/fb,pgm,2905503,200000000,3235020216,1,0,0,0,0,0,0,0,0,1866,100,0,0,0,0,64,200000000
20261006063146,1,0,0,0,0,/Users/louisvasseur/Downloads/scaleli_sota/experimental/scaleli/data/external/gre/fb,lipp,6001626,200000000,24101427742,1,0,0,0,0,0,0,0,0,1866,100,0,0,0,0,64,200000000
20261006063403,1,0,0,0,0,/Users/louisvasseur/Downloads/scaleli_sota/experimental/scaleli/data/external/gre/fb,btree,1218588,200000000,0,1,0,0,0,0,0,0,0,0,1866,100,0,0,0,0,64,200000000
20261006063625,1,0,0,0,0,/Users/louisvasseur/Downloads/scaleli_sota/experimental/scaleli/data/external/gre/fb,alex,1880297,200000000,4680024424,1,0,0,0,0,0,0,0,0,1866,100,0,0,0,0,64,200000000
20261006063928,1,0,0,0,0,/Users/louisvasseur/Downloads/scaleli_sota/experimental/scaleli/data/external/gre/osm,sortedarray,833334,200000000,3200000000,1,0,0,0,0,0,0,0,0,1866,100,0,0,0,0,64,200000000
20261006064058,1,0,0,0,0,/Users/louisvasseur/Downloads/scaleli_sota/experimental/scaleli/data/external/gre/osm,pgm,2466801,200000000,3222235480,1,0,0,0,0,0,0,0,0,1866,100,0,0,0,0,64,200000000
20261006064549,1,0,0,0,0,/Users/louisvasseur/Downloads/scaleli_sota/experimental/scaleli/data/external/gre/osm,btree,1223841,200000000,0,1,0,0,0,0,0,0,0,0,1866,100,0,0,0,0,64,200000000
20261006064801,1,0,0,0,0,/Users/louisvasseur/Downloads/scaleli_sota/experimental/scaleli/data/external/gre/osm,alex,2193709,200000000,4682247256,1,0,0,0,0,0,0,0,0,1866,100,0,0,0,0,64,200000000
20261006065107,1,0,0,0,0,/Users/louisvasseur/Downloads/scaleli_sota/experimental/scaleli/data/external/gre/books,sortedarray,785101,200000000,3200000000,1,0,0,0,0,0,0,0,0,1866,100,0,0,0,0,64,200000000
20261006065222,1,0,0,0,0,/Users/louisvasseur/Downloads/scaleli_sota/experimental/scaleli/data/external/gre/books,pgm,3570074,200000000,3212335160,1,0,0,0,0,0,0,0,0,1866,100,0,0,0,0,64,200000000
20261006065603,1,0,0,0,0,/Users/louisvasseur/Downloads/scaleli_sota/experimental/scaleli/data/external/gre/books,btree,1385454,200000000,0,1,0,0,0,0,0,0,0,0,1866,100,0,0,0,0,64,200000000
20261006065727,1,0,0,0,0,/Users/louisvasseur/Downloads/scaleli_sota/experimental/scaleli/data/external/gre/books,alex,6361258,200000000,4607459616,1,0,0,0,0,0,0,0,0,1866,100,0,0,0,0,64,200000000
20261006070013,1,0,0,0,0,/Users/louisvasseur/Downloads/scaleli_sota/experimental/scaleli/data/external/gre/stack.sorted,sortedarray,930439,200000000,3200000000,1,0,0,0,0,0,0,0,0,1866,100,0,0,0,0,64,200000000
20261006070118,1,0,0,0,0,/Users/louisvasseur/Downloads/scaleli_sota/experimental/scaleli/data/external/gre/stack.sorted,pgm,4972778,200000000,3200870424,1,0,0,0,0,0,0,0,0,1866,100,0,0,0,0,64,200000000
20261006070202,1,0,0,0,0,/Users/louisvasseur/Downloads/scaleli_sota/experimental/scaleli/data/external/gre/stack.sorted,lipp,33102717,200000000,6400000074,1,0,0,0,0,0,0,0,0,1866,100,0,0,0,0,64,200000000
20261006070357,1,0,0,0,0,/Users/louisvasseur/Downloads/scaleli_sota/experimental/scaleli/data/external/gre/stack.sorted,btree,1463387,200000000,0,1,0,0,0,0,0,0,0,0,1866,100,0,0,0,0,64,200000000
20261006070508,1,0,0,0,0,/Users/louisvasseur/Downloads/scaleli_sota/experimental/scaleli/data/external/gre/stack.sorted,alex,8948950,200000000,4608189448,1,0,0,0,0,0,0,0,0,1866,100,0,0,0,0,64,200000000
