repeat	dataset	index	exit_code	wall_s	log	load1	busy
1	fb	sortedarray	0	154.5	logs/fb__sortedarray__r1.log	4.51	0
1	fb	pgm	0	68.5	logs/fb__pgm__r1.log	4.92	0
1	fb	lipp	0	69.2	logs/fb__lipp__r1.log	4.93	0
1	fb	btree	0	99.1	logs/fb__btree__r1.log	15.33	0
1	fb	alex	0	125.0	logs/fb__alex__r1.log	10.54	2
1	osm	sortedarray	0	189.6	logs/osm__sortedarray__r1.log	2.94	0
1	osm	pgm	0	69.8	logs/osm__pgm__r1.log	5.75	0
1	osm	lipp	137	149.6	logs/osm__lipp__r1.log	5.50	0
1	osm	btree	0	124.5	logs/osm__btree__r1.log	6.84	0
1	osm	alex	0	109.7	logs/osm__alex__r1.log	5.03	0
1	books	sortedarray	0	136.3	logs/books__sortedarray__r1.log	7.77	0
1	books	pgm	0	65.8	logs/books__pgm__r1.log	7.00	0
1	books	lipp	137	90.0	logs/books__lipp__r1.log	7.27	0
1	books	btree	0	120.2	logs/books__btree__r1.log	6.72	0
1	books	alex	0	83.4	logs/books__alex__r1.log	5.07	0
1	stack.sorted	sortedarray	0	185.2	logs/stack.sorted__sortedarray__r1.log	4.65	0
1	stack.sorted	pgm	0	64.3	logs/stack.sorted__pgm__r1.log	3.83	0
1	stack.sorted	lipp	0	47.2	logs/stack.sorted__lipp__r1.log	4.09	0
1	stack.sorted	btree	0	110.0	logs/stack.sorted__btree__r1.log	3.64	0
1	stack.sorted	alex	0	70.4	logs/stack.sorted__alex__r1.log	5.06	0
2	fb	sortedarray	0	157.4	logs/fb__sortedarray__r2.log	4.78	0
2	fb	pgm	0	82.1	logs/fb__pgm__r2.log	4.61	0
2	fb	lipp	0	71.6	logs/fb__lipp__r2.log	4.47	0
2	fb	btree	0	137.9	logs/fb__btree__r2.log	3.96	0
2	fb	alex	0	142.4	logs/fb__alex__r2.log	4.29	0
2	osm	sortedarray	0	192.7	logs/osm__sortedarray__r2.log	3.83	0
2	osm	pgm	0	86.0	logs/osm__pgm__r2.log	4.50	0
2	osm	lipp	137	155.8	logs/osm__lipp__r2.log	3.38	0
2	osm	btree	0	136.4	logs/osm__btree__r2.log	5.33	0
2	osm	alex	0	128.0	logs/osm__alex__r2.log	5.54	0
2	books	sortedarray	0	190.4	logs/books__sortedarray__r2.log	4.40	0
2	books	pgm	0	72.0	logs/books__pgm__r2.log	4.02	0
2	books	lipp	137	93.6	logs/books__lipp__r2.log	4.36	0
2	books	btree	0	136.1	logs/books__btree__r2.log	4.67	0
2	books	alex	0	82.8	logs/books__alex__r2.log	4.83	0
2	stack.sorted	sortedarray	0	192.2	logs/stack.sorted__sortedarray__r2.log	3.39	0
2	stack.sorted	pgm	0	65.7	logs/stack.sorted__pgm__r2.log	3.46	0
2	stack.sorted	lipp	0	46.3	logs/stack.sorted__lipp__r2.log	4.01	0
2	stack.sorted	btree	0	134.7	logs/stack.sorted__btree__r2.log	3.98	0
2	stack.sorted	alex	0	75.9	logs/stack.sorted__alex__r2.log	3.60	0
3	fb	sortedarray	0	191.5	logs/fb__sortedarray__r3.log	4.07	0
3	fb	pgm	0	83.0	logs/fb__pgm__r3.log	5.42	0
3	fb	lipp	0	72.5	logs/fb__lipp__r3.log	4.23	0
3	fb	btree	0	136.6	logs/fb__btree__r3.log	3.91	0
3	fb	alex	0	141.8	logs/fb__alex__r3.log	4.05	0
3	osm	sortedarray	0	183.8	logs/osm__sortedarray__r3.log	4.40	0
3	osm	pgm	0	89.7	logs/osm__pgm__r3.log	5.40	0
3	osm	lipp	137	157.9	logs/osm__lipp__r3.log	5.07	0
3	osm	btree	0	132.7	logs/osm__btree__r3.log	4.79	0
3	osm	alex	0	131.6	logs/osm__alex__r3.log	4.52	0
3	books	sortedarray	0	186.6	logs/books__sortedarray__r3.log	5.88	0
3	books	pgm	0	74.2	logs/books__pgm__r3.log	4.94	0
3	books	lipp	137	92.6	logs/books__lipp__r3.log	4.62	0
3	books	btree	0	128.9	logs/books__btree__r3.log	4.26	0
3	books	alex	0	83.7	logs/books__alex__r3.log	6.82	0
3	stack.sorted	sortedarray	0	166.2	logs/stack.sorted__sortedarray__r3.log	5.54	0
3	stack.sorted	pgm	0	64.9	logs/stack.sorted__pgm__r3.log	5.75	0
3	stack.sorted	lipp	0	43.6	logs/stack.sorted__lipp__r3.log	4.52	0
3	stack.sorted	btree	0	115.2	logs/stack.sorted__btree__r3.log	6.74	0
3	stack.sorted	alex	0	71.2	logs/stack.sorted__alex__r3.log	5.79	0
